"ID","Description","GeneRatio","BgRatio","RichFactor","FoldEnrichment","zScore","pvalue","p.adjust","qvalue","geneID","Count"
"GO:0008544","epidermis development","48/806","287/18842",0.167247386759582,3.9097707956874,10.5007092128877,3.78469246059606e-16,1.40147161815872e-12,1.40147161815872e-12,"KRT6B/CSTA/FA2H/KRT9/KRT79/KLK5/CFAP100/COL17A1/CERS3/GAL/SPRR1B/SPRR2E/KRT16/ALOX15B/KRT81/KRT31/KRT74/FLG2/PI3/IL17A/IL20/CALML5/KRT72/GJB5/SOX9/SPINK5/COL7A1/SPRR3/USH1C/SLC39A2/KRT6C/S100A7/CRABP2/BNC1/KLK7/AKR1C3/FOXI3/SPRR1A/KRT14/WNT16/KRT77/EREG/STRC/KRT5/DSC1/CASP14/TP63/REG3A",48
"GO:0003341","cilium movement","44/806","264/18842",0.166666666666667,3.89619520264682,10.0179692975479,7.5148319687459e-15,1.3913711390133e-11,1.3913711390133e-11,"TAC3/TMEM232/GAS2L2/SPAG8/DNAI1/CFAP100/CFAP161/TAC1/DNAH6/CFAP58/TEKT4/TTLL6/ROPN1L/CFAP65/CFAP73/TEKT1/CFAP47/LRRC46/PACRG/NEK10/TTC29/CFAP206/DNAAF6/IQCF1/RSPH1/RSPH14/DNAH12/DNAI2/CFAP53/FSIP2/CFAP52/CFAP70/CFAP46/DNAH10/DRC7/DNAI3/DNAH3/DNAAF1/HOATZ/CFAP43/CFAP77/DNAH9/HYDIN/RSPH4A",44
"GO:0010817","regulation of hormone levels","59/806","487/18842",0.121149897330595,2.83214189268372,8.65955896361632,4.89380552667479e-13,6.04058728842558e-10,6.04058728842558e-10,"SRD5A2/CYP3A7/CYP2C18/FGB/CASR/HSD17B2/TAC1/GAL/CYP3A4/SULT1E1/SULT1B1/G6PC2/CYP1A1/AKR1C1/SERPINA7/ERO1B/NEUROD1/INHA/GHRHR/ADH1A/DUOX2/CLTRN/PTPRN/HNF4A/GPRC6A/CYP2C9/DUOXA2/BMP6/PCSK1/UGT1A8/SSTR5/HTR2C/CCKAR/UGT2B7/UGT1A10/RDH5/UGT2B15/KCNK9/DIO3/CYP3A5/ADH6/ABCC8/GALR1/AKR1C3/ECRG4/PDX1/FOXD1/UGT2B4/FAM3D/CHGA/ADH4/KLK6/SLC2A2/CYP2W1/CYP26C1/CHST9/TRPM5/PCSK2/CYP21A2",59
"GO:0043588","skin development","38/806","236/18842",0.161016949152542,3.76412078899777,9.03308075581806,1.59294714958211e-12,1.47467082372564e-09,1.47467082372564e-09,"KRT6B/CSTA/FA2H/KRT9/KRT79/KLK5/CFAP100/CERS3/GAL/SPRR1B/SPRR2E/KRT16/ALOX15B/KRT81/KRT74/FLG2/PI3/IL17A/IL20/KRT72/SOX9/SPINK5/SPRR3/SLC39A2/KRT6C/S100A7/AKR1C3/FOXI3/SPRR1A/KRT14/WNT16/KRT77/EREG/KRT5/DSC1/CASP14/TP63/REG3A",38
"GO:0006805","xenobiotic metabolic process","28/806","135/18842",0.207407407407407,4.84859847440493,9.48673560248844,2.75726813052853e-12,2.04203277746943e-09,2.04203277746943e-09,"CYP3A7/CYP2C18/CYP3A4/SULT1B1/CYP1A1/AKR1C1/SLCO1A2/CYP2C19/AADAC/HNF4A/CYP2C9/CYP4F2/UGT2A3/CBR3/UGT1A8/UGT2B7/UGT1A10/CYP4F12/EPHX1/CYP2A13/UGT2B15/CYP2F1/CYP3A5/NR1I2/UGT2B4/CYP2W1/CBR1/GSTA5",28
"GO:0035082","axoneme assembly","23/806","93/18842",0.247311827956989,5.78145094586302,9.77150608267725,5.27882557244027e-12,2.82990607717386e-09,2.82990607717386e-09,"DNAI1/CFAP100/CFAP58/CFAP65/CFAP73/CFAP47/CFAP74/CFAP206/DNAAF6/RSPH1/DNAH12/DNAI2/DCX/FSIP2/CFAP46/DRC7/DNAI3/DNAH3/DNAAF1/HOATZ/CFAP43/HYDIN/RSPH4A",23
"GO:0071466","cellular response to xenobiotic stimulus","32/806","179/18842",0.17877094972067,4.17915910004575,9.03436083504573,5.34953889824927e-12,2.82990607717386e-09,2.82990607717386e-09,"CYP3A7/CYP2C18/CYP3A4/SULT1B1/CYP1A1/AKR1C1/ACER2/SLCO1A2/CYP2C19/AADAC/HNF4A/CYP2C9/AIM2/CYP4F2/UGT2A3/CBR3/UGT1A8/UGT2B7/UGT1A10/SOX10/CYP4F12/EPHX1/CYP2A13/UGT2B15/CYP2F1/CYP3A5/NR1I2/UGT2B4/CYP2W1/CBR1/GSTA5/HTR1B",32
"GO:0030216","keratinocyte differentiation","28/806","147/18842",0.19047619047619,4.45279451731065,8.88415339208828,2.3894419432931e-11,1.07605824162198e-08,1.07605824162198e-08,"KRT6B/CSTA/KRT79/KLK5/CERS3/SPRR1B/SPRR2E/KRT16/ALOX15B/KRT81/KRT74/PI3/IL17A/IL20/KRT72/SPRR3/SLC39A2/KRT6C/S100A7/AKR1C3/SPRR1A/KRT14/WNT16/KRT77/EREG/KRT5/CASP14/REG3A",28
"GO:0060294","cilium movement involved in cell motility","36/806","235/18842",0.153191489361702,3.58118367562431,8.41713018838164,2.7191489070414e-11,1.07605824162198e-08,1.07605824162198e-08,"TAC3/TMEM232/GAS2L2/SPAG8/DNAI1/CFAP161/TAC1/DNAH6/CFAP58/TEKT4/TTLL6/ROPN1L/CFAP65/TEKT1/CFAP47/LRRC46/PACRG/CFAP206/DNAAF6/IQCF1/RSPH1/RSPH14/DNAH12/CFAP53/FSIP2/CFAP52/CFAP46/DNAH10/DRC7/DNAI3/DNAH3/HOATZ/CFAP43/CFAP77/DNAH9/RSPH4A",36
"GO:0009913","epidermal cell differentiation","32/806","191/18842",0.167539267015707,3.91659413040936,8.56428285446939,3.18562397579829e-11,1.07605824162198e-08,1.07605824162198e-08,"KRT6B/CSTA/KRT79/KLK5/CERS3/SPRR1B/SPRR2E/KRT16/ALOX15B/KRT81/KRT74/PI3/IL17A/IL20/KRT72/SPINK5/SPRR3/USH1C/SLC39A2/KRT6C/S100A7/AKR1C3/FOXI3/SPRR1A/KRT14/WNT16/KRT77/EREG/STRC/KRT5/CASP14/REG3A",32
"GO:0001539","cilium or flagellum-dependent cell motility","36/806","237/18842",0.151898734177215,3.55096271633634,8.35435314744998,3.48709125019275e-11,1.07605824162198e-08,1.07605824162198e-08,"TAC3/TMEM232/GAS2L2/SPAG8/DNAI1/CFAP161/TAC1/DNAH6/CFAP58/TEKT4/TTLL6/ROPN1L/CFAP65/TEKT1/CFAP47/LRRC46/PACRG/CFAP206/DNAAF6/IQCF1/RSPH1/RSPH14/DNAH12/CFAP53/FSIP2/CFAP52/CFAP46/DNAH10/DRC7/DNAI3/DNAH3/HOATZ/CFAP43/CFAP77/DNAH9/RSPH4A",36
"GO:0060285","cilium-dependent cell motility","36/806","237/18842",0.151898734177215,3.55096271633634,8.35435314744998,3.48709125019275e-11,1.07605824162198e-08,1.07605824162198e-08,"TAC3/TMEM232/GAS2L2/SPAG8/DNAI1/CFAP161/TAC1/DNAH6/CFAP58/TEKT4/TTLL6/ROPN1L/CFAP65/TEKT1/CFAP47/LRRC46/PACRG/CFAP206/DNAAF6/IQCF1/RSPH1/RSPH14/DNAH12/CFAP53/FSIP2/CFAP52/CFAP46/DNAH10/DRC7/DNAI3/DNAH3/HOATZ/CFAP43/CFAP77/DNAH9/RSPH4A",36
"GO:0001578","microtubule bundle formation","25/806","122/18842",0.204918032786885,4.79040393768051,8.8789553094463,5.37420448432932e-11,1.53082147734396e-08,1.53082147734396e-08,"GAS2L2/DNAI1/CFAP100/CFAP58/TTLL6/CFAP65/CFAP73/CFAP47/CFAP74/CFAP206/DNAAF6/RSPH1/DNAH12/DNAI2/DCX/FSIP2/CFAP46/DRC7/DNAI3/DNAH3/DNAAF1/HOATZ/CFAP43/HYDIN/RSPH4A",25
"GO:0042445","hormone metabolic process","34/806","219/18842",0.155251141552511,3.62933251753402,8.27355447272327,6.69032123535829e-11,1.76958996675227e-08,1.76958996675227e-08,"SRD5A2/CYP3A7/CYP2C18/HSD17B2/GAL/CYP3A4/SULT1E1/SULT1B1/CYP1A1/AKR1C1/ERO1B/ADH1A/DUOX2/CYP2C9/DUOXA2/BMP6/PCSK1/UGT1A8/UGT2B7/UGT1A10/RDH5/UGT2B15/DIO3/CYP3A5/ADH6/AKR1C3/UGT2B4/ADH4/KLK6/CYP2W1/CYP26C1/CHST9/PCSK2/CYP21A2",34
"GO:0007586","digestion","24/806","122/18842",0.19672131147541,4.59878778017329,8.4300977926626,3.17623585997e-10,7.84106759297927e-08,7.84106759297927e-08,"ABCG8/PRAP1/CLPSL2/PRSS1/AKR1C1/CHRM3/NEUROD1/NPPC/GKN1/IL17A/DAO/CHIA/HEPH/TFF1/SOX9/SLC5A1/NPSR1/TFF2/NR1I2/PGC/PRSS2/NPC1L1/PRSS3/MUC6",24
"GO:0019730","antimicrobial humoral response","29/806","189/18842",0.153439153439153,3.58697336116691,7.55610346463849,2.23670608727647e-09,5.17657665074049e-07,5.17657665074049e-07,"RPL39/WFDC5/FGB/KLK5/TAC1/RNASE7/PI3/IGHE/IL17A/DAO/F2/DEFB4A/SPINK5/NPPB/CALCA/DEFA5/KNG1/BPIFA1/NTS/S100A7/ELANE/KLK7/PGC/PRSS2/PRSS3/WFDC12/CXCL14/REG3A/SPRR2A",29
"GO:0098659","inorganic cation import across plasma membrane","24/806","141/18842",0.170212765957447,3.9790929729159,7.50603492254108,6.70516660778053e-09,1.37940177492285e-06,1.37940177492285e-06,"TRPV6/FXYD1/SCNN1B/SCNN1G/SLC9A2/HCN1/CNGA3/FXYD4/CACNA1B/KCNJ8/TRPM1/PCSK9/SLC39A2/SLC5A1/KCNK9/CACNA1S/ABCC8/SLC9A3/TRPV4/ATP12A/SLC9A4/KCNJ18/SLC9C2/KCNJ16",24
"GO:0099587","inorganic ion import across plasma membrane","24/806","141/18842",0.170212765957447,3.9790929729159,7.50603492254108,6.70516660778053e-09,1.37940177492285e-06,1.37940177492285e-06,"TRPV6/FXYD1/SCNN1B/SCNN1G/SLC9A2/HCN1/CNGA3/FXYD4/CACNA1B/KCNJ8/TRPM1/PCSK9/SLC39A2/SLC5A1/KCNK9/CACNA1S/ABCC8/SLC9A3/TRPV4/ATP12A/SLC9A4/KCNJ18/SLC9C2/KCNJ16",24
"GO:0120254","olefinic compound metabolic process","26/806","165/18842",0.157575757575758,3.68367546432063,7.31927038101945,8.53129104354576e-09,1.66270372285526e-06,1.66270372285526e-06,"SRD5A2/CYP3A7/CYP2C18/CYP3A4/CYP1A1/AKR1C1/ALOX15B/ALOX15/CYP2C19/ADH1A/GPRC6A/CYP2C9/CYP4F2/BMP6/RDH5/CYP4F8/CYP4F12/CYP4F3/EPHX1/CYP2A13/CYP2F1/CYP3A5/ADH6/AKR1C3/ADH4/CYP21A2",26
"GO:0045109","intermediate filament organization","17/806","74/18842",0.22972972972973,5.37043122526994,7.96307003324095,1.05516564486227e-08,1.92748037896409e-06,1.92748037896409e-06,"KRT6B/KRT13/KRT20/KRT9/KRT79/KRT23/KRT16/KRT81/KRT31/KRT74/KRT40/KRT72/NEFL/KRT6C/KRT14/KRT77/KRT5",17
"GO:0098739","import across plasma membrane","35/806","278/18842",0.12589928057554,2.94316903797062,6.89996014733955,1.09308906179438e-08,1.92748037896409e-06,1.92748037896409e-06,"TRPV6/FXYD1/NTSR1/SLC46A2/SCNN1B/SCNN1G/SLC9A2/HCN1/CNGA3/SLC38A4/CLTRN/SLC6A19/ITLN1/SLC15A1/FXYD4/CACNA1B/KCNJ8/TRPM1/PCSK9/SLC39A2/SLC5A1/SLC7A10/KCNK9/CACNA1S/SLC6A20/SLC1A6/ABCC8/SLC9A3/TRPV4/ATP12A/SLC9A4/SLC2A2/KCNJ18/SLC9C2/KCNJ16",35
"GO:0019731","antibacterial humoral response","18/806","86/18842",0.209302325581395,4.89289630099833,7.64894135365529,1.87828391211591e-08,3.16149333025691e-06,3.16149333025691e-06,"RPL39/WFDC5/FGB/KLK5/TAC1/RNASE7/PI3/IGHE/DAO/SPINK5/CALCA/DEFA5/BPIFA1/ELANE/KLK7/PGC/WFDC12/SPRR2A",18
"GO:0009410","response to xenobiotic stimulus","41/806","368/18842",0.111413043478261,2.60452179307369,6.57110553544548,2.1979305897778e-08,3.53866824954226e-06,3.53866824954226e-06,"ABCG8/SRD5A2/CYP3A7/CYP2C18/GAL/CYP3A4/SULT1B1/CYP1A1/AKR1C1/ACER2/SLCO1A2/CYP2C19/NPPC/AADAC/HNF4A/CYP2C9/GATA4/AIM2/CYP4F2/UGT2A3/CBR3/CSAG2/UGT1A8/UGT2B7/UGT1A10/SOX10/CYP4F12/SLC6A2/EPHX1/CYP2A13/UGT2B15/CYP2F1/CYP3A5/ABCC8/NR1I2/PDX1/UGT2B4/CYP2W1/CBR1/GSTA5/HTR1B",41
"GO:0042363","fat-soluble vitamin catabolic process","8/806","14/18842",0.571428571428571,13.3583835519319,9.77851655019723,2.58707735130601e-08,3.9916447632859e-06,3.99164476328591e-06,"CYP3A4/CYP4F2/CBR3/CYP4F8/CYP4F12/CYP4F3/CYP2W1/CYP26C1",8
"GO:0031424","keratinization","17/806","79/18842",0.215189873417722,5.03053051480981,7.58881563793077,3.00642603953306e-08,4.45311824975637e-06,4.45311824975637e-06,"KRT6B/KRT79/KLK5/CERS3/SPRR1B/SPRR2E/KRT16/KRT81/KRT74/PI3/KRT72/SPRR3/KRT6C/SPRR1A/KRT77/KRT5/CASP14",17
"GO:0042573","retinoic acid metabolic process","11/806","33/18842",0.333333333333333,7.79239040529363,8.25555241147902,6.69019925631292e-08,9.52838763312567e-06,9.52838763312567e-06,"CYP3A7/CYP2C18/CYP3A4/CYP1A1/ADH1A/UGT1A8/CYP3A5/ADH6/AKR1C3/CYP2W1/CYP26C1",11
"GO:0009111","vitamin catabolic process","8/806","16/18842",0.5,11.6885856079404,9.04171026976647,1.02703934887e-07,1.408565447728e-05,1.408565447728e-05,"CYP3A4/CYP4F2/CBR3/CYP4F8/CYP4F12/CYP4F3/CYP2W1/CYP26C1",8
"GO:0008210","estrogen metabolic process","12/806","42/18842",0.285714285714286,6.67919177596597,7.78899880486682,1.17023028324106e-07,1.52530826583531e-05,1.52530826583531e-05,"CYP3A7/HSD17B2/CYP3A4/SULT1E1/CYP1A1/CYP2C9/UGT1A8/UGT2B7/UGT1A10/UGT2B15/CYP3A5/UGT2B4",12
"GO:0007018","microtubule-based movement","48/806","496/18842",0.0967741935483871,2.26230689185944,6.02260637315206,1.19454333538277e-07,1.52530826583531e-05,1.52530826583531e-05,"TAC3/TMEM232/GAS2L2/SPAG8/DNAI1/CFAP100/CFAP161/TAC1/DNAH6/CFAP58/TEKT4/TTLL6/ROPN1L/CFAP65/CFAP73/TEKT1/CFAP47/LRRC46/PACRG/NEK10/TTC29/CFAP206/DNAAF6/DYNLRB2/IQCF1/RSPH1/RSPH14/NEFL/DNAH12/DNAI2/CFAP53/FSIP2/CFAP52/CFAP70/CFAP46/DNAH10/DRC7/DNAI3/DNAH3/KIF1A/DNAAF1/HOATZ/CFAP43/CFAP77/DNAH9/HYDIN/SYBU/RSPH4A",48
"GO:0035725","sodium ion transmembrane transport","26/806","191/18842",0.136125654450262,3.18223273095761,6.40790508605288,1.79416303661691e-07,2.14274358884691e-05,2.14274358884691e-05,"FGF12/SLC5A8/FXYD1/SCNN1B/SCNN1G/SLC9A2/HCN1/CNGA3/SLC38A4/SLC6A19/SLC13A2/FXYD4/PCSK9/SLC6A2/SLC5A1/BPIFA1/KCNK9/SLC6A20/SLC9A3/SLC13A5/ATP12A/SCN4A/SLC9A4/TRPM5/SLC9C2/SCN3A",26
"GO:0045104","intermediate filament cytoskeleton organization","17/806","89/18842",0.191011235955056,4.46530236707837,6.92707905628084,1.90877078842748e-07,2.14274358884691e-05,2.14274358884691e-05,"KRT6B/KRT13/KRT20/KRT9/KRT79/KRT23/KRT16/KRT81/KRT31/KRT74/KRT40/KRT72/NEFL/KRT6C/KRT14/KRT77/KRT5",17
"GO:0030317","flagellated sperm motility","28/806","217/18842",0.129032258064516,3.01640918914592,6.31552962264514,1.90954735165941e-07,2.14274358884691e-05,2.14274358884691e-05,"TAC3/TMEM232/SPAG8/DNAI1/CFAP161/TAC1/CFAP58/TEKT4/ROPN1L/CFAP65/TEKT1/CFAP47/LRRC46/PACRG/CFAP206/DNAAF6/IQCF1/RSPH1/RSPH14/DNAH12/CFAP53/FSIP2/CFAP52/DRC7/DNAH3/HOATZ/CFAP43/CFAP77",28
"GO:0097722","sperm motility","28/806","217/18842",0.129032258064516,3.01640918914592,6.31552962264514,1.90954735165941e-07,2.14274358884691e-05,2.14274358884691e-05,"TAC3/TMEM232/SPAG8/DNAI1/CFAP161/TAC1/CFAP58/TEKT4/ROPN1L/CFAP65/TEKT1/CFAP47/LRRC46/PACRG/CFAP206/DNAAF6/IQCF1/RSPH1/RSPH14/DNAH12/CFAP53/FSIP2/CFAP52/DRC7/DNAH3/HOATZ/CFAP43/CFAP77",28
"GO:0023061","signal release","43/806","430/18842",0.1,2.33771712158809,5.93194905758086,2.22677847028875e-07,2.39191467612781e-05,2.39191467612781e-05,"UNC13C/FGB/CASR/SLC32A1/HRH3/TAC1/GAL/G6PC2/WNT7A/NEUROD1/INHA/GHRHR/SYT9/CLTRN/PTPRN/HNF4A/GPRC6A/PRKCG/SYT5/BMP6/SSTR5/HTR2C/SYT4/CCKAR/CACNA1B/SEPTIN5/KCNK9/GPR158/ABCC8/GALR1/CADPS/GDNF/ECRG4/PDX1/FOXD1/FAM3D/SYT8/CHGA/SYT13/SLC2A2/KCNMB4/TRPM5/HTR1B",43
"GO:0045103","intermediate filament-based process","17/806","90/18842",0.188888888888889,4.41568789633306,6.86633551235738,2.26078891883536e-07,2.39191467612781e-05,2.39191467612781e-05,"KRT6B/KRT13/KRT20/KRT9/KRT79/KRT23/KRT16/KRT81/KRT31/KRT74/KRT40/KRT72/NEFL/KRT6C/KRT14/KRT77/KRT5",17
"GO:0019373","epoxygenase P450 pathway","8/806","18/18842",0.444444444444444,10.3898538737248,8.42536087426514,3.2348340790921e-07,3.32738627635501e-05,3.32738627635501e-05,"CYP2C18/CYP1A1/CYP2C19/CYP2C9/CYP4F2/CYP4F12/CYP2A13/CYP2F1",8
"GO:0007218","neuropeptide signaling pathway","19/806","115/18842",0.165217391304348,3.86231524436293,6.50851126519596,4.02172323537172e-07,4.02498409204905e-05,4.02498409204905e-05,"TAC3/QRFPR/TAC1/NTSR1/GAL/NPY5R/PENK/BRS3/SSTR5/NPY1R/PRLHR/NPPB/TENM1/RXFP4/NTS/NPSR1/GALR1/NPFFR2/ECRG4",19
"GO:0006814","sodium ion transport","29/806","242/18842",0.119834710743802,2.80139655066341,5.96224640054387,5.64307712348539e-07,5.49903015480695e-05,5.49903015480695e-05,"FGF12/SLC5A8/FXYD1/SCNN1B/SCNN1G/SLC9A2/HCN1/CNGA3/SLC38A4/CNGA4/SLC6A19/SLC13A2/NKAIN3/FXYD4/PCSK9/SLC6A2/SLC5A1/BPIFA1/KCNK9/SLC6A20/SLC9A3/SLC13A5/SLC10A2/ATP12A/SCN4A/SLC9A4/TRPM5/SLC9C2/SCN3A",29
"GO:0007288","sperm axoneme assembly","9/806","27/18842",0.333333333333333,7.79239040529363,7.46623736763739,1.07279467332564e-06,0.000101860478854483,0.000101860478854483,"CFAP58/CFAP65/CFAP47/CFAP206/DNAH12/FSIP2/DRC7/DNAH3/CFAP43",9
"GO:0019369","arachidonate metabolic process","13/806","60/18842",0.216666666666667,5.06505376344086,6.66684538583376,1.16830409312564e-06,0.000108155751421106,0.000108155751421106,"CYP2C18/CYP1A1/ALOX15B/ALOX15/CYP2C19/CYP2C9/CYP4F2/CYP4F8/CYP4F12/CYP4F3/EPHX1/CYP2A13/CYP2F1",13
"GO:0055078","sodium ion homeostasis","11/806","43/18842",0.255813953488372,5.98020659010907,6.91136126839498,1.34357476110704e-06,0.000121347740009253,0.000121347740009253,"FXYD1/SCNN1B/SCNN1G/CYP4F2/CHP2/FXYD4/NPPB/CYP4F12/SLC9A3/ATP12A/TMPRSS3",11
"GO:0022600","digestive system process","16/806","91/18842",0.175824175824176,4.1102718621329,6.28718461525938,1.39848701799542e-06,0.000123299938753263,0.000123299938753263,"ABCG8/PRAP1/AKR1C1/CHRM3/NEUROD1/NPPC/IL17A/HEPH/TFF1/SOX9/SLC5A1/NPSR1/TFF2/NR1I2/NPC1L1/MUC6",16
"GO:0034308","primary alcohol metabolic process","17/806","106/18842",0.160377358490566,3.74916896858467,6.00019423393195,2.48849340976676e-06,0.000214299792938751,0.000214299792938751,"CYP3A7/CYP2C18/CYP3A4/SULT1E1/SULT1B1/CYP1A1/AKR1C1/ADH1A/BMP6/TKTL1/RDH5/CYP3A5/ADH6/AKR1C3/HAO1/ADH4/CYP21A2",17
"GO:0061844","antimicrobial humoral immune response mediated by antimicrobial peptide","20/806","142/18842",0.140845070422535,3.29255932618041,5.79686697391036,2.70966608089908e-06,0.000228043034035666,0.000228043034035666,"RPL39/KLK5/TAC1/RNASE7/IL17A/F2/DEFB4A/SPINK5/NPPB/CALCA/DEFA5/KNG1/BPIFA1/NTS/S100A7/ELANE/KLK7/PGC/CXCL14/REG3A",20
"GO:0120316","sperm flagellum assembly","11/806","47/18842",0.234042553191489,5.47125283775936,6.48793328049878,3.47907648558365e-06,0.000286289338358139,0.000286289338358139,"CFAP58/CFAP65/CFAP47/LRRC46/CFAP206/DNAH12/CFAP53/FSIP2/DRC7/DNAH3/CFAP43",11
"GO:0006959","humoral immune response","31/806","296/18842",0.10472972972973,2.44828482328482,5.3091389265945,4.22210838452248e-06,0.00033987972495406,0.00033987972495406,"RPL39/WFDC5/FGB/KLK5/TAC1/RNASE7/PI3/IGHE/IL17A/DAO/C6/F2/DEFB4A/C8A/SPINK5/NPPB/CALCA/DEFA5/KNG1/BPIFA1/NTS/S100A7/ELANE/KLK7/PGC/PRSS2/PRSS3/WFDC12/CXCL14/REG3A/SPRR2A",31
"GO:0001523","retinoid metabolic process","15/806","89/18842",0.168539325842697,3.93997267683386,5.87695415823238,5.1294762936506e-06,0.000404137249263578,0.000404137249263578,"CYP3A7/CYP2C18/CYP3A4/CYP1A1/AKR1C1/ADH1A/UGT1A8/RDH5/CYP3A5/ADH6/AKR1C3/ADH4/CYP2W1/CYP26C1/RBP3",15
"GO:0098719","sodium ion import across plasma membrane","9/806","32/18842",0.28125,6.5748294044665,6.67208477563779,5.29513472240388e-06,0.000407239364949401,0.000407239364949401,"SCNN1B/SCNN1G/SLC9A2/HCN1/PCSK9/SLC5A1/SLC9A3/SLC9A4/SLC9C2",9
"GO:0006721","terpenoid metabolic process","17/806","112/18842",0.151785714285714,3.54832063098192,5.71799241952955,5.38880067040796e-06,0.000407239364949401,0.000407239364949401,"CYP3A7/CYP2C18/CYP3A4/CYP1A1/AKR1C1/CYP2C19/ADH1A/CYP2C9/UGT1A8/RDH5/CYP3A5/ADH6/AKR1C3/ADH4/CYP2W1/CYP26C1/RBP3",17
"GO:0007156","homophilic cell-cell adhesion","22/806","177/18842",0.124293785310734,2.90563710027898,5.38470874741876,7.11246251638128e-06,0.000526748973963198,0.000526748973963197,"CDH17/DSCAM/PSG5/CDH18/CEACAM5/CDH7/CDH16/RET/PCDHB1/DSG3/PCDH19/DSC3/CDHR2/CDHR4/CDHR5/IGSF11/CEACAM18/DSG4/DCHS2/PTPRT/SDK2/DSC1",22
"GO:0042373","vitamin K metabolic process","6/806","13/18842",0.461538461538462,10.7894636380989,7.46390887175826,7.9713612629881e-06,0.00057878334817343,0.00057878334817343,"CYP4F2/CBR3/CYP4F8/CYP4F12/CYP4F3/CBR1",6
"GO:0016101","diterpenoid metabolic process","15/806","93/18842",0.161290322580645,3.7705114864324,5.66189429700718,8.9561924865085e-06,0.000637784245721942,0.000637784245721942,"CYP3A7/CYP2C18/CYP3A4/CYP1A1/AKR1C1/ADH1A/UGT1A8/RDH5/CYP3A5/ADH6/AKR1C3/ADH4/CYP2W1/CYP26C1/RBP3",15
"GO:0006883","intracellular sodium ion homeostasis","8/806","28/18842",0.285714285714286,6.67919177596597,6.3573242447268,1.56931311134791e-05,0.00109644650024931,0.00109644650024931,"FXYD1/SCNN1B/SCNN1G/CHP2/FXYD4/SLC9A3/ATP12A/TMPRSS3",8
"GO:0006720","isoprenoid metabolic process","17/806","122/18842",0.139344262295082,3.25747467762275,5.2880951751767,1.72669242216906e-05,0.00118406334060963,0.00118406334060963,"CYP3A7/CYP2C18/CYP3A4/CYP1A1/AKR1C1/CYP2C19/ADH1A/CYP2C9/UGT1A8/RDH5/CYP3A5/ADH6/AKR1C3/ADH4/CYP2W1/CYP26C1/RBP3",17
"GO:0070268","cornification","6/806","15/18842",0.4,9.35086848635236,6.83968490536485,2.15971175433271e-05,0.00145407502296255,0.00145407502296255,"KLK5/CERS3/SPRR2E/PI3/SPRR1A/CASP14",6
"GO:0006766","vitamin metabolic process","9/806","38/18842",0.236842105263158,5.53669844586653,5.91774125218888,2.44345358322375e-05,0.00161573368190671,0.00161573368190671,"CYP3A4/CYP4F2/CBR3/CYP4F8/CYP4F12/CYP4F3/AKR1C3/CYP2W1/CYP26C1",9
"GO:0042178","xenobiotic catabolic process","8/806","30/18842",0.266666666666667,6.2339123242349,6.06483469336995,2.73887309248186e-05,0.00176748169102965,0.00176748169102965,"CYP2C18/CYP3A4/CYP1A1/CYP2C19/CYP2C9/UGT1A10/CYP3A5/NR1I2",8
"GO:0033559","unsaturated fatty acid metabolic process","16/806","114/18842",0.140350877192982,3.28100648643942,5.16395712725495,2.7684023245941e-05,0.00176748169102965,0.00176748169102965,"CYP2C18/CYP1A1/AKR1C1/ALOX15B/ALOX15/CYP2C19/CYP2C9/CYP4F2/CYP4F8/CYP4F12/CYP4F3/EPHX1/CYP2A13/CYP2F1/AKR1C3/CBR1",16
"GO:0070286","axonemal dynein complex assembly","9/806","39/18842",0.230769230769231,5.39473181904944,5.80765074122546,3.05686759588055e-05,0.00191857300127893,0.00191857300127893,"DNAI1/CFAP100/CFAP73/DNAAF6/DNAH12/DNAI2/DNAI3/DNAH3/DNAAF1",9
"GO:0044458","motile cilium assembly","12/806","69/18842",0.173913043478261,4.06559499406624,5.39289377382318,3.22711270775821e-05,0.00198923169380315,0.00198923169380315,"CFAP58/CFAP65/CFAP47/LRRC46/CFAP206/DNAH12/CFAP53/FSIP2/DRC7/DNAH3/DNAAF1/CFAP43",12
"GO:0036159","inner dynein arm assembly","6/806","16/18842",0.375,8.76643920595533,6.56980218934076,3.3306066706939e-05,0.00198923169380315,0.00198923169380315,"CFAP100/CFAP73/DNAAF6/DNAI3/DNAH3/DNAAF1",6
"GO:2000846","regulation of corticosteroid hormone secretion","6/806","16/18842",0.375,8.76643920595533,6.56980218934076,3.3306066706939e-05,0.00198923169380315,0.00198923169380315,"TAC1/GAL/BMP6/KCNK9/GALR1/ECRG4",6
"GO:0097267","omega-hydroxylase P450 pathway","5/806","11/18842",0.454545454545455,10.6259869163095,6.75078536647372,5.26920029412471e-05,0.00309711883954664,0.00309711883954664,"CYP1A1/CYP2C19/CYP2C9/CYP4F2/CYP4F3",5
"GO:0030277","maintenance of gastrointestinal epithelium","7/806","25/18842",0.28,6.54560794044665,5.86534222723612,6.24145780084084e-05,0.00361126847445526,0.00361126847445526,"NEUROD1/IL17A/TFF1/SOX9/TFF2/NR1I2/MUC6",7
"GO:0017156","calcium-ion regulated exocytosis","11/806","63/18842",0.174603174603175,4.08172830753476,5.17937998001434,6.59083334834666e-05,0.00375474705983503,0.00375474705983503,"TRPV6/UNC13C/SYT9/CLTRN/NLRP5/SYT5/SYT4/CACNA1B/CADPS/SYT8/SYT13",11
"GO:0035930","corticosteroid hormone secretion","6/806","18/18842",0.333333333333333,7.79239040529363,6.09469978267011,7.17340118590041e-05,0.00402471281687716,0.00402471281687716,"TAC1/GAL/BMP6/KCNK9/GALR1/ECRG4",6
"GO:0001676","long-chain fatty acid metabolic process","15/806","111/18842",0.135135135135135,3.15907719133526,4.82279230544237,7.63333460176786e-05,0.00420743586246377,0.00420743586246377,"CYP2C18/PNPLA3/CYP3A4/CYP1A1/ALOX15B/ALOX15/CYP2C19/CYP2C9/CYP4F2/CYP4F8/CYP4F12/CYP4F3/EPHX1/CYP2A13/CYP2F1",15
"GO:0009914","hormone transport","27/806","281/18842",0.096085409252669,2.24620506344763,4.4492967096769,7.82907104514614e-05,0.00420743586246377,0.00420743586246377,"FGB/CASR/TAC1/GAL/G6PC2/SERPINA7/NEUROD1/INHA/GHRHR/CLTRN/PTPRN/HNF4A/GPRC6A/BMP6/SSTR5/HTR2C/CCKAR/KCNK9/ABCC8/GALR1/ECRG4/PDX1/FOXD1/FAM3D/CHGA/SLC2A2/TRPM5",27
"GO:0006690","icosanoid metabolic process","16/806","124/18842",0.129032258064516,3.01640918914592,4.7622168946147,7.83994260086417e-05,0.00420743586246377,0.00420743586246377,"CYP2C18/CYP1A1/AKR1C1/ALOX15B/ALOX15/CYP2C19/CYP2C9/CYP4F2/CYP4F8/CYP4F12/CYP4F3/EPHX1/CYP2A13/CYP2F1/AKR1C3/CBR1",16
"GO:0042572","retinol metabolic process","10/806","54/18842",0.185185185185185,4.32910578071868,5.17885297028025,8.39684566242258e-05,0.0043793689419649,0.0043793689419649,"CYP3A7/CYP2C18/CYP3A4/CYP1A1/ADH1A/RDH5/CYP3A5/ADH6/AKR1C3/ADH4",10
"GO:0051932","synaptic transmission, GABAergic","10/806","54/18842",0.185185185185185,4.32910578071868,5.17885297028025,8.39684566242258e-05,0.0043793689419649,0.0043793689419649,"TAC1/NPY5R/GABRG2/GABRA2/GABRR3/KCNK2/GABRB2/CNTNAP4/GABRA4/GABRP",10
"GO:0046879","hormone secretion","26/806","268/18842",0.0970149253731343,2.26793452094367,4.41937530882701,9.0084518591185e-05,0.00463309683809942,0.00463309683809942,"FGB/CASR/TAC1/GAL/G6PC2/NEUROD1/INHA/GHRHR/CLTRN/PTPRN/HNF4A/GPRC6A/BMP6/SSTR5/HTR2C/CCKAR/KCNK9/ABCC8/GALR1/ECRG4/PDX1/FOXD1/FAM3D/CHGA/SLC2A2/TRPM5",26
"GO:0009404","toxin metabolic process","6/806","19/18842",0.315789473684211,7.3822645944887,5.88378191237015,0.000101060692611195,0.0051264074621816,0.0051264074621816,"CYP3A4/CYP1A1/UGT1A10/CYP2A13/CYP3A5/CYP2W1",6
"GO:0007610","behavior","34/806","400/18842",0.085,1.98705955334988,4.21811800628005,0.000116953084012589,0.00585239554187322,0.00585239554187322,"PTPRZ1/KLK8/CASR/RAG1/TAC1/NTSR1/GAL/NPY5R/HCN1/PENK/GHRHR/CHRNA5/PI3/KIT/PRKCG/BRS3/AIM2/MRAP2/HTR2C/SYT4/GUCA2B/NPY1R/PRLHR/KCNK2/EN1/SEPTIN5/NPSR1/ABCC8/GDNF/CNTNAP4/IAPP/HTR1B/SCN3A/C1QL1",34
"GO:0050804","modulation of chemical synaptic transmission","39/806","486/18842",0.0802469135802469,1.87594583831143,4.13576397654637,0.000129853823220052,0.00641131609845138,0.00641131609845138,"CACNG8/UNC13C/GRIA2/GRM7/VGF/CRHR2/WNT3A/TAC1/NPY5R/WNT7A/GRIN2D/PENK/CHRNA5/KIT/PRKCG/SHISA6/SYT5/GRIN3B/GABRG2/SYT4/CACNA1B/PLG/KCNK2/NEFL/CACNG5/SEPTIN5/SLC7A10/GPR158/SLITRK5/IGSF11/SYT8/GABRB2/CNTNAP4/SYT13/GABRA4/CACNG2/KCNMB4/C1QL1/SHISA9",39
"GO:2000833","positive regulation of steroid hormone secretion","5/806","13/18842",0.384615384615385,8.99121969841573,6.09285021204265,0.000136633325877286,0.00660698846458592,0.00660698846458592,"TAC1/GAL/BMP6/GALR1/ECRG4",5
"GO:0099505","regulation of presynaptic membrane potential","7/806","28/18842",0.25,5.84429280397022,5.42273290040417,0.000137427394549451,0.00660698846458592,0.00660698846458592,"KCNC2/CASR/GRIN2D/GRIN3B/GABRA2/KCNJ8/KCNMB4",7
"GO:0030850","prostate gland development","6/806","20/18842",0.3,7.01315136476427,5.68766006313265,0.000139169619291845,0.00660698846458592,0.00660698846458592,"HOXA11/HOXD13/HOXA13/ALOX15B/SOX9/PSAPL1",6
"GO:0099177","regulation of trans-synaptic signaling","39/806","488/18842",0.0799180327868853,1.8682575356954,4.10811403996668,0.0001414317417685,0.00662938911099689,0.00662938911099689,"CACNG8/UNC13C/GRIA2/GRM7/VGF/CRHR2/WNT3A/TAC1/NPY5R/WNT7A/GRIN2D/PENK/CHRNA5/KIT/PRKCG/SHISA6/SYT5/GRIN3B/GABRG2/SYT4/CACNA1B/PLG/KCNK2/NEFL/CACNG5/SEPTIN5/SLC7A10/GPR158/SLITRK5/IGSF11/SYT8/GABRB2/CNTNAP4/SYT13/GABRA4/CACNG2/KCNMB4/C1QL1/SHISA9",39
"GO:0008202","steroid metabolic process","28/806","308/18842",0.0909090909090909,2.1251973832619,4.20890259140568,0.000150823454499596,0.00698124065015005,0.00698124065015005,"SRD5A2/CYP3A7/HSD17B2/GAL/CYP3A4/SULT1E1/CYP1A1/AKR1C1/CYP2C19/SULT4A1/GPRC6A/CYP2C9/BMP6/UGT1A8/UGT2B7/UGT1A10/RDH5/PCSK9/GC/UGT2B15/CYP3A5/AKR1C3/NR1I2/UGT2B4/NPC1L1/CBR1/CGA/CYP21A2",28
"GO:0048729","tissue morphogenesis","34/806","408/18842",0.0833333333333333,1.94809760132341,4.09282070798572,0.000170623135695641,0.00780021569729578,0.00780021569729578,"KRT13/KRT20/MYH7/HOXA11/CASR/KRT9/WNT3A/WNT7A/KRT23/KRT16/KRT31/RET/FLG2/KRT40/PKHD1/GATA4/HOXD11/TRIM15/SOX9/IHH/SOX10/ZIC3/GREB1/GDNF/KRT14/WNT16/FOXD1/DCHS2/DNAAF1/PAX2/BMP7/POU4F1/TMEM59L/DSC1",34
"GO:2000831","regulation of steroid hormone secretion","6/806","21/18842",0.285714285714286,6.67919177596597,5.50458036493615,0.000187821840213367,0.00848175944280606,0.00848175944280606,"TAC1/GAL/BMP6/KCNK9/GALR1/ECRG4",6
"GO:0046883","regulation of hormone secretion","23/806","236/18842",0.0974576271186441,2.27828363544602,4.17740040659051,0.000210293311322746,0.00930673156564548,0.00930673156564548,"FGB/CASR/TAC1/GAL/G6PC2/NEUROD1/INHA/GHRHR/HNF4A/GPRC6A/BMP6/SSTR5/HTR2C/CCKAR/KCNK9/ABCC8/GALR1/ECRG4/PDX1/FAM3D/CHGA/SLC2A2/TRPM5",23
"GO:0071805","potassium ion transmembrane transport","21/806","206/18842",0.101941747572816,2.38310968705582,4.21952208883954,0.000211116784097818,0.00930673156564548,0.00930673156564548,"KCNC2/FXYD1/SLC9A2/HCN1/KCNU1/KCNA1/FXYD4/KCNJ8/KCNK2/KCNK9/ABCC8/SLC9A3/ATP12A/SLC9A4/LRRC55/KCNJ18/KCNMB4/TRPM5/SLC9C2/KCNJ16/KCNQ2",21
"GO:0001655","urogenital system development","7/806","30/18842",0.233333333333333,5.45467328370554,5.16188568034428,0.000219293955213698,0.00955347666066265,0.00955347666066265,"HOXA11/HOXD13/HOXA13/ALOX15B/SOX9/PAX2/PSAPL1",7
"GO:0006821","chloride transport","15/806","122/18842",0.122950819672131,2.87424236260831,4.3903801416093,0.000223771717424332,0.00963519383281747,0.00963519383281747,"CASR/SLC5A8/FXYD1/SLC26A9/GABRG2/GABRA2/GABRR3/KCNK2/SLC6A2/CLCA4/CLCA2/GABRB2/GABRA4/CLCN1/GABRP",15
"GO:0002009","morphogenesis of an epithelium","28/806","316/18842",0.0886075949367089,2.07139491786286,4.06023972325516,0.000231321918910211,0.00984580535315531,0.00984580535315531,"KRT13/KRT20/HOXA11/CASR/KRT9/WNT7A/KRT23/KRT16/KRT31/FLG2/KRT40/PKHD1/GATA4/HOXD11/SOX9/IHH/SOX10/ZIC3/GREB1/GDNF/KRT14/WNT16/FOXD1/DNAAF1/PAX2/BMP7/TMEM59L/DSC1",28
"GO:0007286","spermatid development","20/806","195/18842",0.102564102564103,2.39765858624419,4.14727944740128,0.000273036837679652,0.0111741908867922,0.0111741908867922,"CFAP58/ROPN1L/CFAP65/CFAP47/LRRC46/PAEP/CFAP206/ADGB/IQCF1/SPANXB1/RSPH1/CHD5/DNAH12/CFAP53/FSIP2/ZPBP2/DRC7/DNAH3/FAM9C/CFAP43",20
"GO:0031640","killing of cells of another organism","14/806","111/18842",0.126126126126126,2.94847204524624,4.35235758355245,0.000274602044476934,0.0111741908867922,0.0111741908867922,"TAC1/RNASE7/DAO/C6/F2/DEFB4A/C8A/NPPB/DEFA5/KNG1/NTS/ELANE/CHGA/CXCL14",14
"GO:0141061","disruption of cell in another organism","14/806","111/18842",0.126126126126126,2.94847204524624,4.35235758355245,0.000274602044476934,0.0111741908867922,0.0111741908867922,"TAC1/RNASE7/DAO/C6/F2/DEFB4A/C8A/NPPB/DEFA5/KNG1/NTS/ELANE/CHGA/CXCL14",14
"GO:1902476","chloride transmembrane transport","14/806","111/18842",0.126126126126126,2.94847204524624,4.35235758355245,0.000274602044476934,0.0111741908867922,0.0111741908867922,"CASR/FXYD1/SLC26A9/GABRG2/GABRA2/GABRR3/KCNK2/SLC6A2/CLCA4/CLCA2/GABRB2/GABRA4/CLCN1/GABRP",14
"GO:0007631","feeding behavior","12/806","86/18842",0.13953488372093,3.26193086733222,4.44434560093725,0.000288083786877309,0.0112151244125534,0.0112151244125534,"GAL/NPY5R/PENK/BRS3/MRAP2/HTR2C/GUCA2B/NPY1R/PRLHR/EN1/NPSR1/IAPP",12
"GO:0006813","potassium ion transport","22/806","226/18842",0.0973451327433628,2.27565383517425,4.07843228350178,0.000290907302281311,0.0112151244125534,0.0112151244125534,"KCNC2/FXYD1/SLC9A2/HCN1/CNGA4/KCNU1/KCNA1/FXYD4/KCNJ8/KCNK2/KCNK9/ABCC8/SLC9A3/ATP12A/SLC9A4/LRRC55/KCNJ18/KCNMB4/TRPM5/SLC9C2/KCNJ16/KCNQ2",22
"GO:0003352","regulation of cilium movement","8/806","41/18842",0.195121951219512,4.5613992616353,4.82582423779782,0.000294764804420534,0.0112151244125534,0.0112151244125534,"TAC3/GAS2L2/TAC1/TTLL6/CFAP206/IQCF1/DNAAF1/CFAP43",8
"GO:0031632","positive regulation of synaptic vesicle fusion to presynaptic active zone membrane","5/806","15/18842",0.333333333333333,7.79239040529363,5.56323096242707,0.000296808585587426,0.0112151244125534,0.0112151244125534,"SYT9/SYT5/SYT4/SYT8/SYT13",5
"GO:0042182","ketone catabolic process","5/806","15/18842",0.333333333333333,7.79239040529363,5.56323096242707,0.000296808585587426,0.0112151244125534,0.0112151244125534,"CYP4F2/CBR3/CYP4F8/CYP4F12/CYP4F3",5
"GO:0099502","calcium-dependent activation of synaptic vesicle fusion","5/806","15/18842",0.333333333333333,7.79239040529363,5.56323096242707,0.000296808585587426,0.0112151244125534,0.0112151244125534,"SYT9/SYT5/SYT4/SYT8/SYT13",5
"GO:1901634","positive regulation of synaptic vesicle membrane organization","5/806","15/18842",0.333333333333333,7.79239040529363,5.56323096242707,0.000296808585587426,0.0112151244125534,0.0112151244125534,"SYT9/SYT5/SYT4/SYT8/SYT13",5
"GO:0002526","acute inflammatory response","13/806","100/18842",0.13,3.03903225806452,4.32180842808789,0.000333121737576787,0.0124600989317863,0.0124600989317863,"VNN1/TAC1/IL22RA1/NPY5R/ORM2/AHSG/IGHE/F2/ORM1/ELANE/CREB3L3/HP/REG3A",13
"GO:1990573","potassium ion import across plasma membrane","9/806","53/18842",0.169811320754717,3.96970831967789,4.57666663608764,0.000374183417097091,0.0138560119351053,0.0138560119351053,"FXYD1/HCN1/FXYD4/KCNJ8/KCNK9/ABCC8/ATP12A/KCNJ18/KCNJ16",9
"GO:0141060","disruption of anatomical structure in another organism","14/806","115/18842",0.121739130434783,2.84591649584637,4.19736027730976,0.000397309642260996,0.0145667089632918,0.0145667089632918,"TAC1/RNASE7/DAO/C6/F2/DEFB4A/C8A/NPPB/DEFA5/KNG1/NTS/ELANE/CHGA/CXCL14",14
"GO:0003356","regulation of cilium beat frequency","5/806","16/18842",0.3125,7.30536600496278,5.33384814912791,0.000416582457805829,0.0150067011020271,0.0150067011020271,"GAS2L2/TTLL6/CFAP206/DNAAF1/CFAP43",5
"GO:0035929","steroid hormone secretion","6/806","24/18842",0.25,5.84429280397022,5.01994150431345,0.000417415666624034,0.0150067011020271,0.0150067011020271,"TAC1/GAL/BMP6/KCNK9/GALR1/ECRG4",6
"GO:0009749","response to glucose","18/806","172/18842",0.104651162790698,2.44644815049916,4.02850880638637,0.000425055000762454,0.0151344102675324,0.0151344102675324,"CASR/NEUROD1/GHRHR/CLTRN/PTPRN/HNF4A/GPRC6A/GATA4/NPTX1/GUCA2B/GCKR/ABCC8/PDX1/PKLR/LIN28A/PAX2/SLC2A2/TRPM5",18
"GO:0048515","spermatid differentiation","20/806","203/18842",0.0985221674876847,2.3031695779193,3.94627212779835,0.000461846239782974,0.0162531884607976,0.0162531884607976,"CFAP58/ROPN1L/CFAP65/CFAP47/LRRC46/PAEP/CFAP206/ADGB/IQCF1/SPANXB1/RSPH1/CHD5/DNAH12/CFAP53/FSIP2/ZPBP2/DRC7/DNAH3/FAM9C/CFAP43",20
"GO:0048565","digestive tract development","11/806","78/18842",0.141025641025641,3.29678055608577,4.2968824661292,0.000465254652131933,0.0162531884607976,0.0162531884607976,"HOXD13/CYP1A1/HOXA13/RET/CDX2/KIT/GATA4/PERCC1/FOXL1/ZIC3/DNAAF1",11
"GO:0032228","regulation of synaptic transmission, GABAergic","7/806","34/18842",0.205882352941176,4.8129470150343,4.70411903918497,0.000499282069091644,0.0172788925406202,0.0172788925406202,"TAC1/NPY5R/GABRG2/KCNK2/GABRB2/CNTNAP4/GABRA4",7
"GO:0015849","organic acid transport","28/806","332/18842",0.0843373493975904,1.97156865676104,3.77562376199116,0.000513845908199192,0.0174566183308405,0.0174566183308405,"GRM7/PLA2G12B/CASR/SLC5A8/SLC32A1/SLC26A9/NTSR1/NPY5R/ALB/AKR1C1/SLCO1A2/SLC38A4/CLTRN/CYP4F2/SLC16A12/SLC13A2/SLC22A13/SYT4/KCNK2/SLC38A8/CRABP2/SLC7A10/SLC6A20/SLC1A6/SLC16A14/SLC13A5/SLC25A21/SLC10A2",28
"GO:0046942","carboxylic acid transport","28/806","332/18842",0.0843373493975904,1.97156865676104,3.77562376199116,0.000513845908199192,0.0174566183308405,0.0174566183308405,"GRM7/PLA2G12B/CASR/SLC5A8/SLC32A1/SLC26A9/NTSR1/NPY5R/ALB/AKR1C1/SLCO1A2/SLC38A4/CLTRN/CYP4F2/SLC16A12/SLC13A2/SLC22A13/SYT4/KCNK2/SLC38A8/CRABP2/SLC7A10/SLC6A20/SLC1A6/SLC16A14/SLC13A5/SLC25A21/SLC10A2",28
"GO:0006836","neurotransmitter transport","20/806","206/18842",0.0970873786407767,2.26962827338649,3.87331864877129,0.000557490016620989,0.0186620115851615,0.0186620115851615,"UNC13C/SLC32A1/HRH3/WNT7A/SYT9/PRKCG/SLC6A19/SYT5/SYT4/CACNA1B/SLC6A2/SEPTIN5/SLC6A20/GPR158/SLC1A6/CADPS/GDNF/SYT8/SYT13/KCNMB4",20
"GO:0001710","mesodermal cell fate commitment","4/806","10/18842",0.4,9.35086848635236,5.58383792230967,0.000567527665560603,0.0186620115851615,0.0186620115851615,"HOXA11/WNT3A/TRIM15/PAX2",4
"GO:2000849","regulation of glucocorticoid secretion","4/806","10/18842",0.4,9.35086848635236,5.58383792230967,0.000567527665560603,0.0186620115851615,0.0186620115851615,"TAC1/GAL/GALR1/ECRG4",4
"GO:0007168","receptor guanylyl cyclase signaling pathway","5/806","17/18842",0.294117647058824,6.87563859290615,5.12343729564146,0.000569486175836687,0.0186620115851615,0.0186620115851615,"GUCY2C/NPPC/GUCY2F/PDE11A/NPPB",5
"GO:0033500","carbohydrate homeostasis","22/806","239/18842",0.0920502092050209,2.15187350104343,3.78845058809731,0.000627524652238482,0.0203835419933254,0.0203835419933254,"VGF/CASR/G6PC2/NEUROD1/GHRHR/CLTRN/PTPRN/HNF4A/GPRC6A/GATA4/NPTX1/PAX6/GUCA2B/GCKR/OBP2A/ABCC8/PDX1/TRPV4/LIN28A/PAX2/SLC2A2/TRPM5",22
"GO:0044782","cilium organization","33/806","422/18842",0.0781990521327014,1.82807263062576,3.63688212649827,0.000655960169330766,0.0211219174524507,0.0211219174524507,"CIBAR2/DNAI1/CFAP100/CFAP161/CFAP58/TEKT4/CFAP65/CFAP73/TEKT1/CFAP47/LRRC46/CFAP74/TTC29/CFAP206/DNAAF6/DYNLRB2/RSPH1/DNAH12/DNAI2/CFAP53/DCX/FSIP2/CFAP70/CFAP46/DRC7/DNAI3/DNAH3/DNAAF1/HOATZ/ERICH3/CFAP43/HYDIN/RSPH4A",33
"GO:0009746","response to hexose","18/806","179/18842",0.100558659217877,2.35077699377573,3.83856434529265,0.000684961936444438,0.0218656383677048,0.0218656383677048,"CASR/NEUROD1/GHRHR/CLTRN/PTPRN/HNF4A/GPRC6A/GATA4/NPTX1/GUCA2B/GCKR/ABCC8/PDX1/PKLR/LIN28A/PAX2/SLC2A2/TRPM5",18
"GO:0042742","defense response to bacterium","27/806","322/18842",0.0838509316770186,1.9601975864248,3.67381630273857,0.000700730140435438,0.0221778094874566,0.0221778094874566,"RPL39/WFDC5/FGB/VGF/KLK5/DEFB124/TAC1/RNASE7/PI3/IGHE/IL17A/DAO/F2/DEFB4A/SPINK5/CALCA/DEFA5/BPIFA1/RNASE13/ELANE/KLK7/PGC/CHGA/ZG16B/WFDC12/HP/SPRR2A",27
"GO:0060271","cilium assembly","31/806","390/18842",0.0794871794871795,1.85818540433925,3.62027104549286,0.000722013588607729,0.0226577654119866,0.0226577654119866,"CIBAR2/DNAI1/CFAP100/CFAP161/CFAP58/TEKT4/CFAP65/CFAP73/TEKT1/CFAP47/LRRC46/CFAP74/CFAP206/DNAAF6/RSPH1/DNAH12/DNAI2/CFAP53/DCX/FSIP2/CFAP70/CFAP46/DRC7/DNAI3/DNAH3/DNAAF1/HOATZ/ERICH3/CFAP43/HYDIN/RSPH4A",31
"GO:0019748","secondary metabolic process","9/806","58/18842",0.155172413793103,3.6274920852229,4.23653458228748,0.00074325249744761,0.0231282688911639,0.0231282688911639,"CYP3A4/CYP1A1/AKR1C1/UGT1A8/UGT1A10/CYP2A13/CYP3A5/AKR1C3/CYP2W1",9
"GO:0015850","organic hydroxy compound transport","24/806","275/18842",0.0872727272727273,2.04018948793142,3.67330780076409,0.000779856682643084,0.0239012576815833,0.0239012576815833,"ABCG8/AQP2/SLC5A8/TAC1/GAL/AKR1C1/SLCO1A2/BMP6/SYT4/ABCA13/AQP10/PCSK9/SLC6A2/SLC5A1/KCNK9/GRAMD1B/GALR1/GDNF/ECRG4/CHGA/NPC1L1/SLC10A2/APOC3/HTR1B",24
"GO:0046887","positive regulation of hormone secretion","15/806","137/18842",0.109489051094891,2.55954429370959,3.87283080116214,0.000781002478928324,0.0239012576815833,0.0239012576815833,"FGB/CASR/TAC1/GAL/NEUROD1/INHA/GHRHR/GPRC6A/BMP6/ABCC8/GALR1/ECRG4/PDX1/SLC2A2/TRPM5",15
"GO:0055123","digestive system development","11/806","83/18842",0.132530120481928,3.09817931776735,4.04973111290015,0.000795800291780346,0.0241544957414969,0.0241544957414969,"HOXD13/CYP1A1/HOXA13/RET/CDX2/KIT/GATA4/PERCC1/FOXL1/ZIC3/DNAAF1",11
"GO:0008015","blood circulation","36/806","480/18842",0.075,1.75328784119107,3.53403598272329,0.000818926401635725,0.0243583756310952,0.0243583756310952,"TAC3/FGF12/MYH7/FGB/CASR/OXTR/FXYD1/TAC1/TNNI2/NTSR1/SCNN1B/SCNN1G/HCN1/NPPC/KLK1/GATA4/BRS3/CYP4F2/LPA/BMP6/KCNJ8/NPPB/CALCA/KLK2/KNG1/NTS/ABCC8/CHGA/TRPV4/ZG16B/SCN4A/GPR37L1/F5/KCNMB4/HTR1B/SCN3A",36
"GO:0035883","enteroendocrine cell differentiation","6/806","27/18842",0.222222222222222,5.19492693686242,4.61108952543444,0.000822753255736646,0.0243583756310952,0.0243583756310952,"NEUROD1/INSM1/PAX6/PERCC1/BMP6/PDX1",6
"GO:0048608","reproductive structure development","17/806","167/18842",0.101796407185629,2.37971203993997,3.78587060895073,0.000831529687231363,0.0243583756310952,0.0243583756310952,"SRD5A2/HOXA11/HOXD13/WNT7A/HOXA13/ALOX15B/NPPC/INHA/PTPRN/KIT/GATA4/SOX9/AKR1C3/ZFP42/EREG/PSAPL1/CGA",17
"GO:0017158","regulation of calcium ion-dependent exocytosis","7/806","37/18842",0.189189189189189,4.42270806786936,4.40538059105976,0.000854747941854138,0.0243583756310952,0.0243583756310952,"TRPV6/SYT9/SYT5/SYT4/CACNA1B/SYT8/SYT13",7
"GO:0035933","glucocorticoid secretion","4/806","11/18842",0.363636363636364,8.5007895330476,5.26036661559378,0.000861719472771665,0.0243583756310952,0.0243583756310952,"TAC1/GAL/GALR1/ECRG4",4
"GO:0070989","oxidative demethylation","4/806","11/18842",0.363636363636364,8.5007895330476,5.26036661559378,0.000861719472771665,0.0243583756310952,0.0243583756310952,"CYP3A7/CYP3A4/CYP2C9/CYP3A5",4
"GO:0098953","receptor diffusion trapping","4/806","11/18842",0.363636363636364,8.5007895330476,5.26036661559378,0.000861719472771665,0.0243583756310952,0.0243583756310952,"CACNG8/SHISA6/CACNG5/CACNG2",4
"GO:0098970","postsynaptic neurotransmitter receptor diffusion trapping","4/806","11/18842",0.363636363636364,8.5007895330476,5.26036661559378,0.000861719472771665,0.0243583756310952,0.0243583756310952,"CACNG8/SHISA6/CACNG5/CACNG2",4
"GO:0099628","neurotransmitter receptor diffusion trapping","4/806","11/18842",0.363636363636364,8.5007895330476,5.26036661559378,0.000861719472771665,0.0243583756310952,0.0243583756310952,"CACNG8/SHISA6/CACNG5/CACNG2",4
"GO:0061458","reproductive system development","17/806","168/18842",0.101190476190476,2.36554708732128,3.75830503879986,0.000889237316565124,0.0247107120228566,0.0247107120228566,"SRD5A2/HOXA11/HOXD13/WNT7A/HOXA13/ALOX15B/NPPC/INHA/PTPRN/KIT/GATA4/SOX9/AKR1C3/ZFP42/EREG/PSAPL1/CGA",17
"GO:0051047","positive regulation of secretion","25/806","294/18842",0.0850340136054422,1.98785469522797,3.60883953918955,0.000890824558514431,0.0247107120228566,0.0247107120228566,"SMPD3/FGB/CASR/TAC1/NTSR1/GAL/NEUROD1/INHA/GHRHR/GPRC6A/CYP4F2/BMP6/SYT4/CACNA1B/NPPB/GPR158/ABCC8/GALR1/CADPS/GDNF/ECRG4/PDX1/CD177/SLC2A2/TRPM5",25
"GO:2000300","regulation of synaptic vesicle exocytosis","8/806","48/18842",0.166666666666667,3.89619520264682,4.24705827031811,0.000894203459644285,0.0247107120228566,0.0247107120228566,"WNT7A/PRKCG/SYT5/SYT4/CACNA1B/SEPTIN5/SYT8/SYT13",8
"GO:0007281","germ cell development","25/806","295/18842",0.0847457627118644,1.98111620473567,3.59040965602358,0.000934983597035943,0.0256462537764748,0.0256462537764748,"CFAP58/ROPN1L/CFAP65/NPPC/CFAP47/LRRC46/PAEP/PIWIL2/CFAP206/ADGB/IQCF1/SPANXB1/RSPH1/CHD5/DNAH12/CFAP53/FSIP2/BNC1/ZPBP2/EREG/DRC7/DNAH3/FAM9C/SOHLH1/CFAP43",25
"GO:0001658","branching involved in ureteric bud morphogenesis","7/806","38/18842",0.184210526315789,4.30632101345174,4.31281745695689,0.00100959902478155,0.0272886510128912,0.0272886510128912,"HOXA11/HOXD11/SOX9/GDNF/FOXD1/PAX2/TMEM59L",7
"GO:0010669","epithelial structure maintenance","7/806","38/18842",0.184210526315789,4.30632101345174,4.31281745695689,0.00100959902478155,0.0272886510128912,0.0272886510128912,"NEUROD1/IL17A/TFF1/SOX9/TFF2/NR1I2/MUC6",7
"GO:0060986","endocrine hormone secretion","8/806","49/18842",0.163265306122449,3.8166810148377,4.17337136658825,0.0010292524113275,0.0276182730372879,0.0276182730372879,"TAC1/GAL/INHA/BMP6/KCNK9/GALR1/ECRG4/FOXD1",8
"GO:0034284","response to monosaccharide","18/806","186/18842",0.0967741935483871,2.26230689185944,3.65730804486742,0.00107107592306864,0.0285337708138357,0.0285337708138357,"CASR/NEUROD1/GHRHR/CLTRN/PTPRN/HNF4A/GPRC6A/GATA4/NPTX1/GUCA2B/GCKR/ABCC8/PDX1/PKLR/LIN28A/PAX2/SLC2A2/TRPM5",18
"GO:0042593","glucose homeostasis","21/806","233/18842",0.0901287553648069,2.10695534563733,3.59414775402291,0.00108042370606129,0.0285772070253211,0.0285772070253211,"CASR/G6PC2/NEUROD1/GHRHR/CLTRN/PTPRN/HNF4A/GPRC6A/GATA4/NPTX1/PAX6/GUCA2B/GCKR/OBP2A/ABCC8/PDX1/TRPV4/LIN28A/PAX2/SLC2A2/TRPM5",21
"GO:0007269","neurotransmitter secretion","15/806","142/18842",0.105633802816901,2.46941949463531,3.71551097587655,0.00113074677297197,0.0294870091571492,0.0294870091571492,"UNC13C/SLC32A1/HRH3/WNT7A/SYT9/PRKCG/SYT5/SYT4/CACNA1B/SEPTIN5/GPR158/CADPS/SYT8/SYT13/KCNMB4",15
"GO:0099643","signal release from synapse","15/806","142/18842",0.105633802816901,2.46941949463531,3.71551097587655,0.00113074677297197,0.0294870091571492,0.0294870091571492,"UNC13C/SLC32A1/HRH3/WNT7A/SYT9/PRKCG/SYT5/SYT4/CACNA1B/SEPTIN5/GPR158/CADPS/SYT8/SYT13/KCNMB4",15
"GO:0048562","embryonic organ morphogenesis","16/806","157/18842",0.101910828025478,2.38238687550378,3.67690373205544,0.00115428474402336,0.0298903245253041,0.0298903245253041,"HOXA11/NEUROD1/HOXB3/GATA4/HOXB9/HOXD11/SOX9/IHH/USH1C/ZIC3/ALX1/WNT16/DNAAF1/PAX2/STRC/MYO3A",16
"GO:0098773","skin epidermis development","10/806","74/18842",0.135135135135135,3.15907719133526,3.93390994974733,0.00116825544650137,0.0300420133221846,0.0300420133221846,"FA2H/CFAP100/GAL/KRT16/FLG2/SOX9/SPINK5/FOXI3/DSC1/TP63",10
"GO:0050891","multicellular organismal-level water homeostasis","7/806","39/18842",0.179487179487179,4.19590252592734,4.22339438168512,0.00118567120760853,0.0302795895294786,0.0302795895294786,"AQP2/SCNN1B/SCNN1G/CYP4F2/CYP4F12/BPIFA1/TRPV4",7
"GO:0006182","cGMP biosynthetic process","4/806","12/18842",0.333333333333333,7.79239040529363,4.9755086456412,0.0012490052317216,0.0316785368018158,0.0316785368018158,"GUCY2C/NPPC/GUCY2F/NPPB",4
"GO:0014047","glutamate secretion","5/806","20/18842",0.25,5.84429280397022,4.58207170315302,0.00128240570191967,0.0323044103007383,0.0323044103007383,"GRM7/NTSR1/NPY5R/SYT4/KCNK2",5
"GO:0006835","dicarboxylic acid transport","11/806","88/18842",0.125,2.92214640198511,3.82058816135176,0.00130110050341273,0.0325538862441711,0.0325538862441711,"GRM7/SLC26A9/NTSR1/NPY5R/ALB/SLC13A2/SYT4/KCNK2/SLC1A6/SLC13A5/SLC25A21",11
"GO:0009743","response to carbohydrate","19/806","205/18842",0.0926829268292683,2.16666464927677,3.55045774981659,0.00132021959071193,0.0328105580161495,0.0328105580161495,"CASR/PNPLA3/NEUROD1/GHRHR/CLTRN/PTPRN/HNF4A/GPRC6A/GATA4/NPTX1/GUCA2B/GCKR/ABCC8/PDX1/PKLR/LIN28A/PAX2/SLC2A2/TRPM5",19
"GO:0044060","regulation of endocrine process","7/806","40/18842",0.175,4.09100496277916,4.13691936791197,0.00138491430003101,0.0341889176867656,0.0341889176867656,"TAC1/GAL/INHA/BMP6/KCNK9/GALR1/ECRG4",7
"GO:0015833","peptide transport","21/806","238/18842",0.0882352941176471,2.06269157787184,3.48772258906974,0.00141036501013246,0.0345866333279503,0.0345866333279503,"FGB/CASR/GAL/G6PC2/NEUROD1/GHRHR/CLTRN/PTPRN/HNF4A/GPRC6A/SSTR5/HTR2C/SLC15A1/SLC15A5/ABCC8/ECRG4/PDX1/FAM3D/CHGA/SLC2A2/TRPM5",21
"GO:0031630","regulation of synaptic vesicle fusion to presynaptic active zone membrane","5/806","21/18842",0.238095238095238,5.56599314663831,4.42560794086642,0.00162446315870289,0.0390609550433558,0.0390609550433558,"SYT9/SYT5/SYT4/SYT8/SYT13",5
"GO:0046068","cGMP metabolic process","5/806","21/18842",0.238095238095238,5.56599314663831,4.42560794086642,0.00162446315870289,0.0390609550433558,0.0390609550433558,"GUCY2C/NPPC/GUCY2F/GUCA2B/NPPB",5
"GO:1901632","regulation of synaptic vesicle membrane organization","5/806","21/18842",0.238095238095238,5.56599314663831,4.42560794086642,0.00162446315870289,0.0390609550433558,0.0390609550433558,"SYT9/SYT5/SYT4/SYT8/SYT13",5
"GO:0010038","response to metal ion","25/806","308/18842",0.0811688311688312,1.8974976636267,3.357171193616,0.00170654975745432,0.0407700242055054,0.0407700242055054,"KCNC2/TRPV6/FGB/AQP2/CASR/CYP1A1/HCN1/ALOX15/CNGA3/PENK/KIT/MT1A/NPTX1/CHP2/BMP6/SLC13A2/TFF1/KCNA1/ABCC8/AKR1C3/PDX1/SLC13A5/PKLR/CACNG2/KCNMB4",25
"GO:0060351","cartilage development involved in endochondral bone morphogenesis","4/806","13/18842",0.307692307692308,7.19297575873258,4.72179155232704,0.00174339274543019,0.041203158708272,0.041203158708272,"HOXA11/NPPC/SOX9/TRPV4",4
"GO:0030072","peptide hormone secretion","19/806","210/18842",0.0904761904761905,2.11507739572256,3.43505981668798,0.00174756099729565,0.041203158708272,0.041203158708272,"FGB/CASR/GAL/G6PC2/NEUROD1/GHRHR/CLTRN/PTPRN/HNF4A/GPRC6A/SSTR5/HTR2C/ABCC8/ECRG4/PDX1/FAM3D/CHGA/SLC2A2/TRPM5",19
"GO:0060295","regulation of cilium movement involved in cell motility","6/806","31/18842",0.193548387096774,4.52461378371888,4.1517942478115,0.00176918774901843,0.041203158708272,0.041203158708272,"TAC3/GAS2L2/TAC1/TTLL6/CFAP206/IQCF1",6
"GO:1902019","regulation of cilium-dependent cell motility","6/806","31/18842",0.193548387096774,4.52461378371888,4.1517942478115,0.00176918774901843,0.041203158708272,0.041203158708272,"TAC3/GAS2L2/TAC1/TTLL6/CFAP206/IQCF1",6
"GO:1903532","positive regulation of secretion by cell","23/806","276/18842",0.0833333333333333,1.94809760132341,3.35426830240739,0.00182829242348761,0.0423135427760914,0.0423135427760914,"SMPD3/FGB/CASR/TAC1/NTSR1/GAL/NEUROD1/INHA/GHRHR/GPRC6A/BMP6/SYT4/CACNA1B/GPR158/ABCC8/GALR1/CADPS/GDNF/ECRG4/PDX1/CD177/SLC2A2/TRPM5",23
"GO:0060675","ureteric bud morphogenesis","7/806","42/18842",0.166666666666667,3.89619520264682,3.97212523576739,0.00186110181301162,0.0428053416992672,0.0428053416992672,"HOXA11/HOXD11/SOX9/GDNF/FOXD1/PAX2/TMEM59L",7
"GO:0007423","sensory organ development","29/806","379/18842",0.0765171503957784,1.78875452575342,3.27913817124959,0.00188154160278103,0.0430083244141862,0.0430083244141862,"DSCAM/MYO7B/CYP1A1/WNT7A/CLDN19/CNGA3/NEUROD1/KIT/SIX6/ASCL1/SOX3/PAX6/ATOH1/BMP6/SOX9/KCNK2/USH1C/ABCB5/HMX3/DCX/ZIC3/WNT16/GABRB2/PAX2/BMP7/STRC/MYO3A/SDK2/NEUROD4",29
"GO:0140962","multicellular organismal-level chemical homeostasis","9/806","66/18842",0.136363636363636,3.18779607489285,3.76380097721166,0.00190693993274715,0.0432550596500191,0.0432550596500191,"AQP2/SCNN1B/SCNN1G/CYP4F2/BMP6/HEPH/CYP4F12/BPIFA1/TRPV4",9
"GO:0007389","pattern specification process","23/806","277/18842",0.0830324909747292,1.94106475799733,3.33550272594995,0.00191569802392739,0.0432550596500191,0.0432550596500191,"HOXB5/HOXA11/DNAI1/WNT7A/CDX2/HOXB3/GATA4/HOXB9/HOXD11/ASCL1/HOXB6/IHH/DNAI2/CFAP53/ZIC3/CFAP52/FOXD1/HOXB1/LEFTY1/DNAAF1/PAX2/CXXC4/CYP26C1",23
"GO:0001657","ureteric bud development","9/806","67/18842",0.134328358208955,3.14021702899893,3.70983527295471,0.00212099812855184,0.0474836930494996,0.0474836930494996,"HOXA11/CRLF1/HOXD11/SOX9/GDNF/FOXD1/PAX2/BMP7/TMEM59L",9
"GO:0046928","regulation of neurotransmitter secretion","10/806","80/18842",0.125,2.92214640198511,3.64201116692082,0.00212862356095515,0.0474836930494996,0.0474836930494996,"WNT7A/PRKCG/SYT5/SYT4/CACNA1B/SEPTIN5/GPR158/SYT8/SYT13/KCNMB4",10
"GO:0002790","peptide secretion","19/806","214/18842",0.088785046728972,2.07554323879316,3.34503779320376,0.00216881150155022,0.0480904729954519,0.0480904729954519,"FGB/CASR/GAL/G6PC2/NEUROD1/GHRHR/CLTRN/PTPRN/HNF4A/GPRC6A/SSTR5/HTR2C/ABCC8/ECRG4/PDX1/FAM3D/CHGA/SLC2A2/TRPM5",19
"GO:0003002","regionalization","21/806","247/18842",0.0850202429149798,1.98753277543927,3.30256433135327,0.00222269327254491,0.0489918642156775,0.0489918642156775,"HOXB5/HOXA11/DNAI1/CDX2/HOXB3/GATA4/HOXB9/HOXD11/ASCL1/HOXB6/IHH/DNAI2/CFAP53/ZIC3/CFAP52/FOXD1/LEFTY1/DNAAF1/PAX2/CXXC4/CYP26C1",21
