"SampleID","Sample","B.cells","Macrophages.M1","Macrophages.M2","Monocytes","Neutrophils","NK.cells","T.cells.CD4","T.cells.CD8","Tregs","Dendritic.cells","Other","GDPD2","Group"
"TCGA-35-3615-01A-01R-0946-07",NA,0.0151763767792535,0.0829820773358812,0.0975189255021122,0,0.0452206931401599,0.0166994639938061,0,0.00863797562017953,0.0320694968768789,0,0.701694990751729,4.1734686614541,"Low"
"TCGA-35-4122-01A-01R-1107-07",NA,0.0194283452016241,0.148067568523155,0.0893690259669287,0,0.0411740105726009,0.0123228155069838,0,0.04691896605474,0.0354433193401742,0,0.607275948833793,4.32554780590835,"Low"
"TCGA-35-4123-01A-01R-1107-07",NA,0.00783719454136996,0.130301765816029,0.0669897556811065,0,0.023830534283472,0.000204971604901438,0,0.197194807523506,0.0315819584304039,0,0.542059012119211,3.97982504488276,"Low"
"TCGA-35-5375-01A-01R-1628-07",NA,0.0189578259974425,0.0355809618918079,0.0183838930745262,0,0.0444929497990426,0.0072392026919142,0,0.028671378064781,0.0262483107648289,0.0155787512304829,0.804846726485174,3.5833246741021,"Low"
"TCGA-38-4625-01A-01R-1206-07",NA,0.0309099030408724,0.0977365485038673,0.0434949422224556,0,0.071947076315817,0.0242585149104049,0,0.0155126243029058,0.0252674020781616,0,0.690872988625515,4.30041347560041,"Low"
"TCGA-38-4626-01A-01R-1206-07",NA,0.0057266967491498,0.16840455384911,0.16236181372136,0,0.22498115470797,0.0122916713759368,0,0.00642919680402236,0.0374808665435122,0,0.382324046248939,4.61021586628895,"High"
"TCGA-38-4627-01A-01R-1206-07",NA,0.021728108855089,0.0872860942029481,0.0625333302191567,0,0.0992955974844238,0.0187074755471852,0,0.00343285172185048,0.0343537618698727,0.0160161178372022,0.656646662262272,5.08427394580737,"High"
"TCGA-38-4628-01A-01R-1206-07",NA,0.00348470073186178,0.153308202827375,0.0419620857630726,0,0.104708154585736,0.015778238444375,0,0.0224677584420616,0.0220315089360586,0,0.636259350269459,3.5833246741021,"Low"
"TCGA-38-4629-01A-02R-1206-07",NA,0.0151746555436365,0.175992848324305,0.0653981940140801,0,0.0516333053809048,0.0130646527796329,0,0.036889437125399,0.0359952916356103,0,0.605851615196431,3.92979594173457,"Low"
"TCGA-38-4630-01A-01R-1206-07",NA,0.0190158047609448,0.0102247512859213,0.086036870143395,0,0.0344593450371487,0.0251215604613549,0.0921418473072343,0.00528926898851734,0.0210748099165481,0.0330235719348248,0.673612170164111,4.9879956624406,"High"
"TCGA-38-4631-01A-01R-1755-07",NA,0.0136063074368422,0.0452106976070538,0.0139225956191666,0,0.0850187445562325,0.00762092687680107,0.00843864577811951,0.0089708788864496,0.0200140931223572,0.00163139157675209,0.795565718540225,5.09357881031766,"High"
"TCGA-38-4632-01A-01R-1755-07",NA,0.0108195485141796,0.129441768274893,0.0582606463126285,0,0.0847928993212631,0.0208262610391771,0,0.0214828792294167,0.0484931906814169,0,0.625882806627025,4.77911366170435,"High"
"TCGA-38-6178-01A-11R-1755-07",NA,0.0252104433722603,0.105958221425129,0.0750441072002936,0,0.183137607543098,0.0373591818780211,0,0.000236365016110104,0.0330087241989243,0,0.540045349366163,5.0311069702124,"High"
"TCGA-38-7271-01A-11R-2039-07",NA,0.144193948353766,0.0846735522302105,0.0863507693626328,0,0.0851258099254257,0.00999328546524825,0.189648833219539,0.0642286449608718,0.0698346901533797,0,0.265950466328927,4.34279394041401,"Low"
"TCGA-38-A44F-01A-11R-A24H-07",NA,0.0627772180855684,0.0571534687011863,0.0691780389316054,0,0.0693109931950079,0.0280408323842258,0,0.0109398109952026,0.0651313356325691,0.0163400557504807,0.621128246324154,6.40981252032263,"High"
"TCGA-44-2655-01A-01R-0946-07",NA,0.0268574432815623,0.0412071384602653,0.0985843938211735,0,0.0847330006212487,0.0133092232970225,0,0.00552826170198265,0.0405818900463457,0,0.689198648770399,4.32412700959741,"Low"
"TCGA-44-2656-01A-02R-A278-07",NA,0.0512367525657106,0.120560357548078,0.0735255108651254,0,0.0722644794945129,0.0151710321465552,0,0.0577722091028317,0.0528697085696406,0.00755362036739445,0.549046329340151,3.5833246741021,"Low"
"TCGA-44-2657-01A-01R-1107-07",NA,0.0897877966672957,0.0814564985764883,0.0894901914639215,0,0.0917195793868398,0.0241079065211824,0,0.0675935512222546,0.0684097343765033,0,0.487434741785514,4.60272127114905,"High"
"TCGA-44-2659-01A-01R-0946-07",NA,0.0237432858036691,0.0885375550388045,0.0558625525545763,0,0.0906020910126612,0.024420352013993,0,0.0353122386152329,0.0456385398826413,0,0.635883385078422,4.6139952114046,"High"
"TCGA-44-2661-01A-01R-1107-07",NA,0.0350270036849586,0.0936743677606605,0.10855240638137,0,0.136609326130587,0.0141465193747893,0,0.0439592809717621,0.0773655150289271,0,0.490665580666945,4.25665997883674,"Low"
"TCGA-44-2662-01A-01R-A278-07",NA,0.0205346764314222,0.180717636125744,0.0182211834794387,0,0.158701739602039,0.0175313198735251,0,0,0.0294379210067527,0,0.574855523481079,4.17919216062906,"Low"
"TCGA-44-2665-01B-06R-A277-07",NA,0.071602989950117,0.101731614593987,0.0517610483536442,0,0.0646687494422383,0.0363946934464032,0,0,0.0876471860039029,0.0332534865641901,0.552940231645517,4.48163738627219,"Low"
"TCGA-44-2666-01A-01R-A278-07",NA,0.0315450608980611,0.0464118212885847,0.0627363453521815,0,0.0827615658780367,0.0239833950596475,0,0.00225486454879519,0.0317450896181152,0.0133270262591221,0.705234831097456,4.60073218215212,"High"
"TCGA-44-2668-01A-01R-A278-07",NA,0.0131860382162832,0.243315509757149,0.0545064166004027,0,0.222022553900387,0.0149184872129422,0,0.0191585486584759,0.0474905201656783,0,0.385401925488681,4.32600887927435,"Low"
"TCGA-44-3396-01A-01R-1206-07",NA,0.0310749006672184,0.221489483078571,0.0809337540610411,0,0.123391259739737,0.0165352154133242,0,0.0331653352289615,0.067298210914172,0,0.426111840896975,4.4867583296483,"Low"
"TCGA-44-3398-01A-01R-1107-07",NA,0.0186884600375184,0.0821686964541975,0.11389457771701,0,0.0917927708898291,0.021476505093832,0,0.00805631219529559,0.0626625580961408,0,0.601260119516177,4.46824350469696,"Low"
"TCGA-44-3917-01B-02R-A277-07",NA,0.0756381868541244,0.0398592980706816,0.0553705922946551,0,0.00941838511676507,0.0220068247057866,0,0.0090018027624802,0.0756423995638952,0.0607885724070787,0.652273938224533,4.91655658817412,"High"
"TCGA-44-3918-01B-02R-A277-07",NA,0.0719445675041752,0.133376456998755,0.0346200517039709,0,0.0694361153494753,0.0407091049671036,0,0.0148293248948427,0.109469384404476,0.0233552432491714,0.50225975092803,5.11810091828268,"High"
"TCGA-44-3919-01A-02R-1107-07",NA,0.0308834548530271,0.140567093137578,0.0871671601802869,0,0.0952091312255218,0.0279539974099035,0,0.0312168605477129,0.0671172791797781,0,0.519885023466192,4.87685084094458,"High"
"TCGA-44-4112-01A-01R-1107-07",NA,0.0196380365531491,0.214421218148503,0.0555371447509309,0,0.0805738841208526,0.0306591376930998,0,0.0123239892100223,0.0360349429478348,0,0.550811646575608,4.39816211069413,"Low"
"TCGA-44-5643-01A-01R-1628-07",NA,0.0258481555359103,0.0151171251868783,0.0631192954482495,0,0.0571393047007848,0.0295001666490888,0,0.0107356184332615,0.0366041209159965,0.011960976174057,0.749975236955773,5.62136926868597,"High"
"TCGA-44-5644-01A-21R-2039-07",NA,0.0280888186371886,0.035894516801898,0.0118580911852282,0,0.0472896883654699,0.0206203494544172,0,0.00474983217739085,0.0208900230475897,0.0139198096397812,0.816688870691036,4.41441538103449,"Low"
"TCGA-44-5645-01B-04R-A277-07",NA,0.0663308662132229,0.0208595542155123,0.0675479501186531,0,0.170573621445954,0.03377752943104,0,0,0.0743120480067497,0.0323640426112409,0.534234387957627,5.19373472775188,"High"
"TCGA-44-6145-01A-11R-1755-07",NA,0.0453613073671123,0.0823538968711719,0.0617329494031347,0,0.0745119773332076,0.0142019755441946,0,0.0661544655937753,0.0533714215197261,0,0.602312006367677,4.41276406533002,"Low"
"TCGA-44-6146-01A-11R-A278-07",NA,0.039775865462845,0.0240021497207058,0.0318550281654634,0,0.074021396966791,0.0193077678906462,0,0,0.0523761590110248,0.0226612606809903,0.736000372101533,6.99166537060566,"High"
"TCGA-44-6147-01A-11R-1755-07",NA,0.0577072562033638,0.0485317989855021,0.066272488081386,0,0.140804686255251,0.0372844667800882,0.000795447452515068,0.0108489833100223,0.0525354306436037,0.0161359250697955,0.569083517218472,4.96248542308941,"High"
"TCGA-44-6148-01A-11R-1755-07",NA,0.0407737215970251,0.0157758366211965,0.107105894741368,0,0.0935712171694455,0.0347090938551801,0,0.0126199199648226,0.0301020203421556,0.0373685042659635,0.627973791442843,5.8563011509108,"High"
"TCGA-44-6774-01A-21R-1858-07",NA,0.0193768760270775,0.17630618373167,0.0396079756600758,0,0.0365354698897682,0.023054738353291,0,0,0.0542307368830522,0,0.650888019455065,4.74866346804311,"High"
"TCGA-44-6775-01C-02R-A277-07",NA,0.0906827953935775,0.0812945294377262,0.0588777711439807,0,0.150159591315503,0.0412464595994789,0,0,0.0665534303288575,0.0376356340860771,0.473549788694799,4.88083933006325,"High"
"TCGA-44-6776-01A-11R-1858-07",NA,0.0114763634846367,0.00896056648321094,0.0937522649249908,0,0.0648524176823987,0.0205097853748356,0,0.00291444308312168,0.0210320942837536,0,0.776502064683052,4.33002362918047,"Low"
"TCGA-44-6777-01A-11R-1858-07",NA,0.0346420417135355,0.199083515839139,0.135505210401996,0,0.0726861385802608,0.0203886625748169,0,0.00604284810073364,0.0535288710281419,0,0.478122711761376,4.91072545157818,"High"
"TCGA-44-6778-01A-11R-1858-07",NA,0.057842251482815,0.113695323750632,0.0950424894247854,0,0.103116060895299,0.0189262524592982,0,0.0473116227397412,0.114736949822561,0.0173725084165864,0.431956541008282,4.48317841194197,"Low"
"TCGA-44-6779-01A-11R-1858-07",NA,0.0269792650591895,0.107010243782014,0.0547740881675569,0,0.0765132548336206,0.0180660713346083,0,0.0523715232700398,0.0463042127497237,0.00159851993829113,0.616382820864956,3.5833246741021,"Low"
"TCGA-44-7659-01A-11R-2066-07",NA,0.0242953031730082,0.267150244519327,0.155800043782551,0,0.112164283744771,0.0291665025118454,0,0.00783116792049213,0.0469139009234997,0,0.356678553424505,4.29759692003127,"Low"
"TCGA-44-7660-01A-11R-2066-07",NA,0.0251964191067513,0.0153095710241111,0.027329637837222,0,0.0597588276120941,0.0229326792745688,0,0.00811697436958924,0.028101744286717,0.0288422288930635,0.784411917595883,4.72132803154334,"High"
"TCGA-44-7661-01A-11R-2066-07",NA,0.0211590709787522,0.100149526112005,0.0679235978385238,0,0.123401585713359,0.0114251914319216,0,0.00993256485912195,0.0808821360010626,0,0.585126327065254,4.39387912378351,"Low"
"TCGA-44-7662-01A-11R-2066-07",NA,0.0202769889915323,0.11959082610802,0.0500825318503512,0,0.0825261861637744,0.0198132908031434,0,0.00945011116111535,0.0407314092073439,0,0.65752865571472,4.88475829745188,"High"
"TCGA-44-7667-01A-31R-2066-07",NA,0.0105686439568639,0.0258260348107321,0.0252108816606839,0,0.0375863264440171,0.0180657336219363,0,0.00437673482373954,0.0251677030714533,0.0658599192705555,0.787338022340018,4.10379707826109,"Low"
"TCGA-44-7669-01A-21R-2066-07",NA,0.0400728114609449,0.0662076828018936,0.0486536438422819,0,0.0604842604713604,0.0291908581836698,0,0.0134254876664857,0.0435094632937759,0.0192421822466841,0.679213610032904,4.43015199080435,"Low"
"TCGA-44-7670-01A-11R-2066-07",NA,0.016001257216987,0.0437984671490807,0.0714732465830853,0,0.097601025655166,0.0192958541217888,0,0.0160922227722715,0.0341134405961388,0,0.701624485905482,4.24658088473709,"Low"
"TCGA-44-7671-01A-11R-2066-07",NA,0.0146864768022988,0.0300022181009723,0.0762892180986241,0,0.0492420206457883,0.0235417395435599,0,0,0.020422610470119,0.00368730430047915,0.782128412038158,4.28359152936689,"Low"
"TCGA-44-7672-01A-11R-2066-07",NA,0.0497328121437102,0.140140240077107,0.0730100722330916,0,0.0541703116867351,0.0163006458935639,0,0.0199799000071085,0.0809566487216888,0,0.565709369236995,4.23209156366078,"Low"
"TCGA-44-8117-01A-11R-2241-07",NA,0.0152202932147222,0.301599944474563,0.0920410049754054,0,0.101246174809128,0.0122485240250175,0,0.00803475069882951,0.0488386451107875,0,0.420770662691548,4.53504352884861,"High"
"TCGA-44-8119-01A-11R-2241-07",NA,0.0281933673738704,0.117501349360305,0.0310175046114101,0,0.0492209333161338,0.01596009523456,0,0.00722153129684554,0.0422689462269903,0,0.708616272579885,4.42218154705926,"Low"
"TCGA-44-8120-01A-11R-2241-07",NA,0.0194132809770587,0.278834196627053,0.079161474008288,0,0.134681755514081,0.034445407706739,0,0.00265045584175393,0.0529508788522493,0,0.397862550472778,4.13493913009549,"Low"
"TCGA-44-A479-01A-31R-A24H-07",NA,0.0585745193434662,0.0712195796658325,0.0658485121683009,0,0.0941451447133935,0.0245390822927174,0,0.0387425455412221,0.0706655696976339,0,0.576265046577433,4.3124911215938,"Low"
"TCGA-44-A47A-01A-21R-A24H-07",NA,0.0214826143745462,0.0830983070806564,0.133004280618756,0,0.0818550892769068,0.0224504810973288,0,0.0052005398894207,0.0777860877670872,0.0162431364277063,0.558879463467592,5.30115647714356,"High"
"TCGA-44-A47B-01A-11R-A24H-07",NA,0.00992018338638898,0.140627200996039,0.0953575679458388,0,0.0713435764878007,0.0200728322149247,0,0.0238772677510444,0.052737148585945,0,0.586064222632019,4.68080774839899,"High"
"TCGA-44-A47G-01A-21R-A24H-07",NA,0.0548106189986643,0.125887127613988,0.096125522104798,0,0.0811826521558884,0.0246501463917729,0,0.043509972992179,0.0753782461291497,0,0.49845571361356,4.20019511145348,"Low"
"TCGA-44-A4SS-01A-11R-A24X-07",NA,0.0527293567049955,0.056903482046069,0.0650211293520044,0,0.0638954827201178,0.0160990129454277,0,0.0272028027043597,0.0526925207190643,0.0157958209102959,0.649660391897666,4.5484296685537,"High"
"TCGA-44-A4SU-01A-11R-A24X-07",NA,0.0370450543793924,0.0402066267904769,0.0472519067583865,0,0.0996188075725432,0.0376085659865111,0,0.000474677563698632,0.0418039707292998,0,0.695990390219692,4.42543349773201,"Low"
"TCGA-49-4486-01A-01R-1206-07",NA,0.00462756520409196,0.00457403929845015,0.105535426843415,0,0.0413328749399197,0.012792348552359,0.0364981342683742,0.00355060827442577,0.00749409908968906,0,0.783594903529275,3.95193445243,"Low"
"TCGA-49-4487-01A-21R-1858-07",NA,0.0653065585231461,0.115302770856573,0.0451087274288044,0,0.0754961515763417,0.0206802097364234,0.0386552767394174,0.0491539226279398,0.0614543250244916,0,0.528842057486863,4.13027897980191,"Low"
"TCGA-49-4488-01A-01R-1755-07",NA,0.00962972033683961,0.280970655830422,0.0240590683777501,0,0.0923062231975884,0.00893920269305671,0,0.0364038266230974,0.0407185521873713,0,0.506972750753875,4.11828247745936,"Low"
"TCGA-49-4490-01A-21R-1858-07",NA,0.0155083566185582,0.0424556567094139,0.0496574924023779,0,0.084512720010611,0.0205816873372693,0.0282874636691057,0.00496807763011271,0.0230326464113993,0.00338153540767727,0.727614363803475,4.12648106523721,"Low"
"TCGA-49-4494-01A-01R-1206-07",NA,0.0107005730923824,0.104027649786806,0.0457229025265329,0,0.0851315916527379,0.0186470405304352,0.00158967266323823,0.0245571736616144,0.0271732928931861,0,0.682450103193067,4.06900796900853,"Low"
"TCGA-49-4501-01A-01R-1206-07",NA,0.0321846978568655,0.112479943376685,0.0693155469003958,0,0.0757438629499086,0.0171243500295867,0.0188569220120439,0.0156396180925154,0.045661775292132,0,0.612993283489867,4.43235656062272,"Low"
"TCGA-49-4505-01A-01R-1206-07",NA,0.0180016376469662,0.13128312309087,0.0805153262099451,0,0.0904680589341985,0.0187422052428504,0,0.0309415953099982,0.0410229113837135,0,0.589025142181458,4.50847031453759,"Low"
"TCGA-49-4506-01A-01R-1206-07",NA,0.00923309245569947,0.070856198798021,0.00418781087577459,0.000419090740513653,0.0810861337420941,0.00454400388037822,0.0126258601687748,0.0495407011010005,0.0166527720808026,0,0.750854336156941,4.1511690938443,"Low"
"TCGA-49-4507-01A-01R-1206-07",NA,0.0104271275119784,0.0439736750146834,0.0187769731944735,0,0.0972818612919315,0.0124868910612218,0,0.0585423139523814,0.0156690408468403,0,0.74284211712649,4.46923698607076,"Low"
"TCGA-49-4510-01A-01R-1206-07",NA,0.00990818534138059,0.0661495244141733,0.129196625859103,0,0.0314927251927316,0.0266084310329883,0,0.00632019797185184,0.0243789256174009,0,0.70594538457037,4.15460891747083,"Low"
"TCGA-49-4512-01A-21R-1858-07",NA,0.0155477293724264,0.0892548281670059,0.0629073821185761,0,0.0934645758147947,0.0223628998647695,0,0.00137199765315669,0.0291986417056329,0,0.685891945303638,4.4534832420529,"Low"
"TCGA-49-4514-01A-21R-1858-07",NA,0.0191001317319,0.0123028207681766,0.0382581458007969,0,0.0522193844140486,0.0123220067649351,0,0.0158571728908973,0.0219138881984603,0.00890550035143502,0.81912094907935,4.54524039633698,"High"
"TCGA-49-6742-01A-11R-1858-07",NA,0.0173478443455522,0.0396554940782291,0.0395963466706969,0,0.0887848793543373,0.0137799549833656,0,0.00348471950356325,0.0162311547057864,0,0.781119606358469,5.72535619833087,"High"
"TCGA-49-6743-01A-11R-1858-07",NA,0.0215740626457276,0.101718088803459,0.119795905862737,0,0.0790719797845738,0.0204372774451031,0,0.00975147500705772,0.0489253237418583,0,0.598725886709483,4.44896104955371,"Low"
"TCGA-49-6744-01A-11R-1858-07",NA,0.0341092237686438,0.12235261055498,0.112557680740624,0,0.114822503971274,0.0205119020909564,0,0.0356916197032904,0.0741540545906689,0,0.485800404579562,4.30242649517201,"Low"
"TCGA-49-6745-01A-11R-1858-07",NA,0.020544261311329,0.10006098501269,0.0547283465709114,0,0.111780290416322,0.0132025221671712,0,0.0329841970961634,0.0507781719517443,0,0.615921225473669,4.19681716502509,"Low"
"TCGA-49-6761-01A-31R-1949-07",NA,0.014529926483288,0.312574986767861,0.0490687779456996,0,0.0779579825493138,0.0261997502417469,0,0.0276163758137991,0.0471615386473809,0,0.444890661550911,4.10045154133637,"Low"
"TCGA-49-6767-01A-11R-1858-07",NA,0.0132043786394603,0.0907322263798244,0.0132627174865713,0.000648739246167604,0.0579070485385018,0.0155508492948798,0,0.0371064583420429,0.0397465552923626,0,0.731841026780189,4.40958985956274,"Low"
"TCGA-49-AAQV-01A-11R-A39D-07",NA,0.0258190831143477,0.0306146355480578,0.0642410552299617,0,0.137392010066781,0.024552620770414,0.0209621884704723,0.0114414285550886,0.0288167938563295,0,0.656160184388548,4.5637726386233,"High"
"TCGA-49-AAR0-01A-21R-A39D-07",NA,0.0310298963394591,0.0615556917561144,0.0840042928274997,0,0.0614424556971525,0.0283175425220422,0,0.0113116090807171,0.0500988225773797,0,0.672239689199635,4.36626453663918,"Low"
"TCGA-49-AAR2-01A-11R-A39D-07",NA,0.0274396907866175,0.0178297595857557,0.0394877588101294,0,0.0329560084388721,0.0204956162578997,0,0.00707342848301233,0.0278429231785367,0.00355894155966092,0.823315872899516,3.5833246741021,"Low"
"TCGA-49-AAR3-01A-11R-A41B-07",NA,0.0270690341018661,0.1013252763857,0.0590867979421326,0,0.0479399061452178,0.0173000658107532,0,0.0780649927994596,0.0463293289203953,0.011520781094558,0.611363816799918,4.36029051036732,"Low"
"TCGA-49-AAR4-01A-12R-A41B-07",NA,0.0255593784659609,0.064487361904048,0.0515529408746797,0,0.0656617102590576,0.0296230222631458,0,0.150895866078044,0.0454198993313692,0,0.566799820823695,4.66751615668688,"High"
"TCGA-49-AAR9-01A-21R-A41B-07",NA,0.01972030216765,0.0451717093347929,0.00302911504727991,0,0.083071946784213,0.00788952913764894,0.0152699875191995,0.00549997280111291,0.0233725490538423,0.000737603340401396,0.796237284813859,4.4401089222448,"Low"
"TCGA-49-AARE-01A-11R-A41B-07",NA,0.0215462323960525,0.0205970882849726,0.0339861712028318,0,0.045617303430579,0.0222277917130517,0.00316574411291352,0.0119695724513738,0.029967105902347,0.0182632443492534,0.792659746156625,5.12533892848113,"High"
"TCGA-49-AARN-01A-21R-A41B-07",NA,0.0359282739179618,0.0880159860253182,0.0550522354040111,0,0.141618636953542,0.0260780119566401,0,0.00743847472691099,0.0312946228824631,0,0.614573758133152,5.24211045020367,"High"
"TCGA-49-AARO-01A-12R-A41B-07",NA,0.0382642280602076,0.126688406466843,0.063245444104969,0,0.0567085623613374,0.0373462681262915,0,0.01158506052669,0.0712010766117185,0,0.594960953741943,4.83851567545028,"High"
"TCGA-49-AARQ-01A-11R-A41B-07",NA,0.0116549887389046,0.0341639870886808,0.0704963073474817,0,0.112753575529288,0.0371265866458282,0,0.0192911757402078,0.0195833907767837,7.94564123589392e-06,0.694922042491589,4.55663477143466,"High"
"TCGA-49-AARR-01A-11R-A41B-07",NA,0.043969978700854,0.042663785231652,0.0852133945730277,0,0.112935888358019,0.0405187420312997,0,0.0110982844224484,0.0599276184059542,0.00848298484465753,0.595189323432087,5.08220893300434,"High"
"TCGA-4B-A93V-01A-11R-A39D-07",NA,0.0165017363517659,0.0303348568393424,0.053353435611141,0,0.0723208615422658,0.0222915096074722,0,0.00265982920373292,0.0197824566605355,0.00165770100378709,0.781097613179957,4.41803543927624,"Low"
"TCGA-50-5044-01A-21R-1858-07",NA,0.00823976733448193,0.0154186930491979,0.0504070997458353,0,0.112856994605083,0.00923920259804817,0.00884359436936946,0.0153503750645311,0.0215564565362712,0,0.758087816697182,3.5833246741021,"Low"
"TCGA-50-5045-01A-01R-1628-07",NA,0.056343535677906,0.124313199374757,0.093463655535354,0,0.0505157081756961,0.0173501063831185,0,0.0366736579713971,0.0812585459449862,0,0.540081590936785,4.63367716815662,"High"
"TCGA-50-5049-01A-01R-1628-07",NA,0.0518412973720939,0.125930909141588,0.102132122706628,0,0.017537521788782,0.0126223727730883,0,0.113722646486747,0.0753687859220112,0.0274415720774451,0.473402771731616,4.03710593126822,"Low"
"TCGA-50-5051-01A-21R-1858-07",NA,0.0176737631319577,0.0159884557646873,0.0738560553605627,0,0.0776222964311751,0.019354284567665,0,0.0045506450245516,0.0201431989343168,0,0.770811300785084,4.69960267661235,"High"
"TCGA-50-5055-01A-01R-1628-07",NA,0.147164881029545,0.081033583445081,0.0704488377764886,0,0.0798077859655784,0.0163151493219713,0.0898707773539787,0.0531267834431761,0.0636601146665194,0.000279935443487055,0.398292151554174,4.51040939087684,"High"
"TCGA-50-5066-01A-01R-1628-07",NA,0.0279078613785101,0.0945341971742774,0.0631823510689959,0,0.0568723086327549,0.0142472662169425,0,0.0655526361448057,0.0301618033637682,0,0.647541576019945,4.14001719217931,"Low"
"TCGA-50-5068-01A-01R-1628-07",NA,0.0302771396789846,0.0723815860151689,0.12312973235047,0,0.11083595129107,0.019195007115846,0,0.0409935599018339,0.0490142600970085,0,0.554172763549619,4.13872949112509,"Low"
"TCGA-50-5072-01A-21R-1858-07",NA,0.0157138951166325,0.0636177849196494,0.0457688587974086,0,0.0716331302136667,0.0186139194744726,0,0.00243018471840509,0.0321250457679846,0,0.750097180991781,4.97959808695065,"High"
"TCGA-50-5930-01A-11R-1755-07",NA,0.0374397875736983,0.0478462205881617,0.0649361296299224,0,0.0525902681689142,0.0138306313070442,0,0.0217573836010667,0.0268872229737527,0,0.73471235615744,4.27405334180413,"Low"
"TCGA-50-5931-01A-11R-1755-07",NA,0.0207160739655258,0.0104757281996608,0.0127964224201364,0,0.124131364514881,0.0226676536233877,0,0.00154746782391902,0.00894329477816568,0.0328849554505498,0.765837039223773,4.82641895014903,"High"
"TCGA-50-5932-01A-11R-1755-07",NA,0.0148198341819517,0.0803739136047281,0.0672049318607267,0,0.0667879733933519,0.0232254615790626,0,0,0.0245426066670883,0,0.723045278713091,3.99242459533367,"Low"
"TCGA-50-5933-01A-11R-1755-07",NA,0.0242436565463036,0.211542969782509,0.0371803881724657,0,0.0210473505911124,0.0207450005761908,0,0.00578596587941936,0.0379192098157902,0,0.641535458636209,4.8242718068229,"High"
"TCGA-50-5935-01A-11R-1755-07",NA,0.0189562559342697,0.0825699559923153,0.0773544649126174,0,0.179549606365456,0.0231342647302543,0,0.0109721577392681,0.0464986552026792,0,0.56096463912314,4.26278342511636,"Low"
"TCGA-50-5936-01A-11R-1628-07",NA,0.0260543661181838,0.0772502139278556,0.0440439480644331,0,0.0836813658766137,0.0154207616377414,0.00554454158926702,0.00332227865516747,0.0386302530328659,0.00427181790276469,0.701780453195107,4.11770688589415,"Low"
"TCGA-50-5939-01A-11R-1628-07",NA,0.0412848421030512,0.117773124757464,0.0730639597294579,0,0.0784171505837516,0.0125699455514136,0,0.000751532657516918,0.043346459042272,0.0052672074868291,0.627525778088244,4.46853638280023,"Low"
"TCGA-50-5941-01A-11R-1755-07",NA,0.0382231002881195,0.18211097151062,0.0775884347924192,0,0.0803758448575908,0.0144786576082602,0,0.0575747443359855,0.0804403602356561,0,0.469207886371349,4.72917431901416,"High"
"TCGA-50-5942-01A-21R-1755-07",NA,0.0189230241389637,0.02081978510785,0.0857686192077118,0,0.186075039324819,0.0160033985890069,0.00446629822665242,0.00855947881295587,0.0270578972766486,0,0.632326459315392,4.51074886436243,"High"
"TCGA-50-5944-01A-11R-1755-07",NA,0.0147964624253386,0.126375371214161,0.100271812532016,0,0.0898977667007387,0.0253503640783008,0,0.0024114053302462,0.0320699732489687,0,0.60882684447023,4.52355110644838,"High"
"TCGA-50-5946-01A-11R-1755-07",NA,0.0165340595803457,0.143206700693694,0.0135349701365147,0.0171313529410021,0.0619299393650779,0.03417592034278,0,0.00719488104426075,0.0360174472631138,0,0.670274728633211,4.58952789885492,"High"
"TCGA-50-6590-01A-12R-1858-07",NA,0.0410829564601847,0.0857153953745285,0.0427374532410487,0,0.0440918931884622,0.010951012801105,0,0.0301766152435951,0.0469286617085369,0.0171176899207508,0.681198322061788,4.65735949438797,"High"
"TCGA-50-6591-01A-11R-1755-07",NA,0.0547170776394758,0,0.0401806702763058,0,0,0.0495767703178022,0.00931680719463112,0,0.0201823592358985,0.110587975707105,0.715438339628781,4.51415582115264,"High"
"TCGA-50-6592-01A-11R-1755-07",NA,0.0229352044265705,0.231608239404646,0.0230269773662352,0,0.144992725098541,0.0114019948209265,0,0.043704144048266,0.0533394940380828,0,0.468991220796732,4.71831553446359,"High"
"TCGA-50-6593-01A-11R-1755-07",NA,0.021489427509339,0.171067079326427,0.0551291245917177,0,0.11365493077263,0.0184767929725894,0,0,0.0394640415293265,0,0.580718603297971,4.80594221991222,"High"
"TCGA-50-6594-01A-11R-1755-07",NA,0.0128919864670935,0.182907349419708,0.0452873925346745,0,0.0217872525507948,0.0491200574871828,0,0,0.0500558150187168,0,0.63795014652183,3.5833246741021,"Low"
"TCGA-50-6595-01A-12R-1858-07",NA,0.0144431956581661,0.138232206181139,0.0145202456736534,0,0.130023636610716,0.0117519315904161,0,0.0114801482794004,0.0325063656035883,0,0.647042270402922,4.67803851037197,"High"
"TCGA-50-6597-01A-11R-1858-07",NA,0.0174157530799189,0.0305859818618322,0.0573754835745084,0,0.0554371285591478,0.012505424886479,0.02810789561311,0.0128285535135599,0.0381553604534698,0,0.747588418457974,3.5833246741021,"Low"
"TCGA-50-6673-01A-11R-1949-07",NA,0.0130636352757268,0.0423554337970839,0.0513006382325949,0,0.218391298627947,0.0111282658572383,0,0.00012653372519075,0.0252336079998273,0,0.638400586484391,4.66576227260632,"High"
"TCGA-50-7109-01A-11R-2039-07",NA,0.0187043304502159,0.0183931041920684,0.0990933932900535,0,0.076189010593127,0.0201129755225998,0,0.0191329433248404,0.0369208977736906,0.020927447950589,0.690525896902815,4.32259998982142,"Low"
"TCGA-50-8457-01A-11R-2326-07",NA,0.0618823963751184,0.109352070539305,0.110383554892587,0,0.0692849091664896,0.0340940265098337,0,0.0250251288328406,0.0605578083149465,0,0.52942010536888,4.5219233735663,"High"
"TCGA-50-8459-01A-11R-2326-07",NA,0.0558485717002329,0.0898048871551563,0.0959642473523419,0,0.0300140293126896,0.0255005523863478,0,0.00511527058286067,0.0534133107195503,0.00246622711963119,0.641872903671189,5.22952399658439,"High"
"TCGA-50-8460-01A-11R-2326-07",NA,0.0256039342351282,0.0714200150396134,0.09300670765084,0,0.161216708475659,0.0178915731375777,4.82652422260499e-06,0.0108108776345881,0.0486236240379192,0,0.571421733264452,4.38219441957735,"Low"
"TCGA-53-7624-01A-11R-2066-07",NA,0.0113831874430913,0.0277954278655688,0.0133486641510641,0,0.11814905308046,0.0135069072300875,0,0.00604375999155973,0.0296018879273675,0,0.780171112310801,5.85596269554858,"High"
"TCGA-53-7626-01A-12R-2066-07",NA,0.0382040965465838,0.156534739849423,0.157143036114927,0,0.127300306217347,0.0272359425922525,0,0.0398381636011452,0.101763968598008,0,0.351979746480313,4.65468456400465,"High"
"TCGA-53-7813-01A-11R-2170-07",NA,0.0322231512399402,0.0301008749146952,0.0392470327961411,0,0.0944659009784608,0.0119410928139408,0,0.0201015383248305,0.0218444045047488,0,0.750076004427243,3.5833246741021,"Low"
"TCGA-53-A4EZ-01A-12R-A24X-07",NA,0.0201856388168203,0.00523788371547757,0.0491443927270674,0,0.0810818250023815,0.0144163763087808,0,0.0066598998966995,0.0258635331910497,0.00104323008119533,0.796367220260528,4.22389351960669,"Low"
"TCGA-55-1592-01A-01R-0946-07",NA,0.0191814730240067,0.0644323706772191,0.132614590916134,0,0.0619001261310723,0.0267665953356636,0,0.0026728491585504,0.0425177765710641,0.00372376532932617,0.646190452856963,4.30928353612908,"Low"
"TCGA-55-1594-01A-01R-0946-07",NA,0.0160690468284073,0.0483276741296039,0.0343629319645678,0,0.0482229245848548,0.0205966527622108,0,0.0349333785090692,0.0251389367551515,0.0262577875560733,0.746090666910061,4.56965897308926,"High"
"TCGA-55-5899-01A-11R-1628-07",NA,0.0245190436575223,0.0437475952653805,0.0422205665567681,0,0.0458000574258069,0.0133662502882427,0.0477535946768799,0.0109228522783822,0.0324975724757397,0.0187821941947013,0.720390273180576,3.5833246741021,"Low"
"TCGA-55-6543-01A-11R-1755-07",NA,0.0146331181861601,0.0789312775158978,0.149028056383186,0,0.111979769800786,0.0296979605968157,0,0.00160192948515436,0.0252631279602179,0,0.588864760071782,4.22697090059784,"Low"
"TCGA-55-6642-01A-11R-1858-07",NA,0.0403097722760637,0.0588058368178935,0.0708901250083656,0,0.0466168157740309,0.0171639688270785,0,0.0191524454998988,0.0358192953741882,0,0.711241740422481,4.4354520826082,"Low"
"TCGA-55-6712-01A-11R-1858-07",NA,0.036792976296825,0.131086807641456,0.0829087510071575,0,0.0690502688212969,0.0249423471420678,0,0.0689446112526494,0.0525863662091546,0,0.533687871629393,4.63155385794044,"High"
"TCGA-55-6968-01A-11R-1949-07",NA,0.0406638584156124,0.0707893125374209,0.028331379187212,0,0.00473106291834367,0.0371933295027019,0,0.026359462675115,0.0551770364684671,0.0443394543216868,0.69241510397344,4.57862355046491,"High"
"TCGA-55-6969-01A-11R-1949-07",NA,0.0515201776519044,0.0878453985459682,0.0262708920009267,0,0.0439717286962065,0.0173463615930379,0,0.0239793710365745,0.0512905222292354,0.0052298047287396,0.692545743517407,4.17138429846829,"Low"
"TCGA-55-6970-01A-11R-1949-07",NA,0.0265275657679788,0.0483627349047363,0.0881096477306524,0,0.083487623149778,0.0171160809091959,0,0.0157985067806507,0.0550011550649127,0,0.665596685692095,4.35791157805085,"Low"
"TCGA-55-6971-01A-11R-1949-07",NA,0.0541900785936093,0.0968962871143089,0.0733413331393132,0,0.0966679591876171,0.0124986852871188,0.011492589122114,0.0603252576324986,0.0983734560347972,0.00452465532760962,0.491689698561013,4.10688424392879,"Low"
"TCGA-55-6972-01A-11R-1949-07",NA,0.00497414468670189,0.00828246992366056,0.103927588516238,0,0.039815122084676,0.0198484975715161,0,0.0011791625158342,0.0201015465052382,0,0.801871468196135,4.4313349143162,"Low"
"TCGA-55-6975-01A-11R-1949-07",NA,0.025260678923659,0.0721109123061836,0.00773442850570452,0,0.0851478061760506,0.0150602833189481,0,0.00640898447291944,0.0278496248533232,0,0.760427281443211,4.68147332494608,"High"
"TCGA-55-6978-01A-11R-1949-07",NA,0.0228160530630649,0.222172643794018,0.0272009842789542,0,0.0323825198332734,0.0155663995686993,0,0.0950405907299231,0.0764853608650751,0,0.508335447866992,4.6624013892182,"High"
"TCGA-55-6979-01A-11R-1949-07",NA,0.0343915471043235,0.103487498314843,0.109924808745033,0,0.122383536518871,0.0252456280000017,0,0.0464147403686572,0.0693334590599712,0.0113332562742758,0.477485525614023,4.55466326475127,"High"
"TCGA-55-6980-01A-11R-1949-07",NA,0.0171684339258278,0.107184642178274,0.0497026535385578,0,0.120949074093053,0.0197928701208606,0,0.00804403230871668,0.0621572097621258,0,0.615001084072584,4.54748244029425,"High"
"TCGA-55-6981-01A-11R-1949-07",NA,0.0201766763447368,0.171561875701549,0.107365370062111,0,0.166082976672763,0.0271808446153408,0,0,0.0340109118755564,0,0.473621344727943,5.50866766329129,"High"
"TCGA-55-6982-01A-11R-1949-07",NA,0.0266177800049613,0.109540183546975,0.0480035299562878,0,0.115902257568259,0.0136568094931271,0,0.00426776060561373,0.0283216738800166,0,0.65369000494476,4.13598539703026,"Low"
"TCGA-55-6983-01A-11R-1949-07",NA,0.0617457987422186,0.0231662094333553,0.0860909139061902,0,0.103846803736571,0.00991145834422344,0.096840589817217,0.020427300643018,0.030914231138548,0,0.567056694238659,4.05869234100542,"Low"
"TCGA-55-6984-01A-11R-1949-07",NA,0.0434155352276284,0.0493962913383753,0.0201593737577884,0,0.0478332164749836,0.0185873110890773,0,0,0.0223759477426234,0.00448738011452785,0.793744944254996,6.98653714355745,"High"
"TCGA-55-6985-01A-11R-1949-07",NA,0.0318113735973806,0.203614546503465,0.0774653379060259,0,0.0980211931309644,0.0313380666950101,0,0.0201537914745426,0.0621175259082718,0,0.475478164784339,4.67079759574598,"High"
"TCGA-55-6986-01A-11R-1949-07",NA,0.0232226229608201,0.0580120155138525,0.0570647709713158,0,0.0645034588450156,0.0185559563363755,0.0239626169761215,0.00557403827668647,0.0271050000259528,0.00589838938308129,0.716101130710779,4.29948227341293,"Low"
"TCGA-55-6987-01A-11R-1949-07",NA,0.0651899202430073,0.0820540308907544,0.0564882528778683,0,0.0528556334427883,0.0179867233652813,0,0.0756566401222967,0.049397038487331,0.0158354061136278,0.584536354457045,4.62315052890071,"High"
"TCGA-55-7227-01A-11R-2039-07",NA,0.0210745832596823,0.159990048407621,0.0942515207796896,0,0.0800451977846881,0.0304866485846052,0,0.012465419655528,0.0711990124184399,0,0.530487569109746,4.36077285414962,"Low"
"TCGA-55-7281-01A-11R-2039-07",NA,0.00485968109696819,0.297035486258922,0.108939381924918,0,0.121681886949573,0.0221011484678606,0,0.0140326928099299,0.0504110542124138,0,0.380938668279415,4.36787590794033,"Low"
"TCGA-55-7283-01A-11R-2039-07",NA,0.0166850290860916,0.0878779117664511,0.0648928987639995,0.000403271021313792,0.0897006143533743,0.0196028363755195,0,0.0166212474015422,0.0439094014541689,0,0.660306789777539,4.18216686106816,"Low"
"TCGA-55-7284-01B-11R-2241-07",NA,0.0388394641090671,0.0554680993645666,0.0846699443617699,0,0.0962892838465891,0.0198813910042024,0,0.00769761611400843,0.060126049633057,0,0.637028151566739,8.70928304781708,"High"
"TCGA-55-7570-01A-11R-2039-07",NA,0.0155469247549364,0.0266576516528292,0.0174454269303519,0,0.0739966858120998,0.00712641080014363,0,0.0238062049450961,0.0690078550774391,0.0127342599121092,0.753678580114995,4.35367288204516,"Low"
"TCGA-55-7573-01A-11R-2039-07",NA,0.0510544462857192,0.101962730822587,0.115666334673381,0,0.154680861178496,0.0272651799578953,0,0.0115802852978213,0.0639505926442007,0,0.473839569139899,4.37009678268871,"Low"
"TCGA-55-7574-01A-11R-2039-07",NA,0.102953927902423,0.0933665637434684,0.112185324491154,0,0.0804907391685538,0.032425526428337,0,0.0387583907124318,0.0782270142553633,0,0.461592513298269,4.79783790939606,"High"
"TCGA-55-7576-01A-11R-2066-07",NA,0.0238995263601322,0.167549668902818,0.0656326046456234,0,0.118772798519092,0.0158460791631873,0,0.0177379886698353,0.0495183933286728,0,0.541042940410639,4.24122418778667,"Low"
"TCGA-55-7724-01A-11R-2170-07",NA,0.0382560825142113,0.0299360850546559,0.104058873917536,0,0.12851277509274,0.0138529806232772,0.0111215900611756,0.0124273742918729,0.046154146689471,0.00669293802688627,0.608987153728174,6.15145074935192,"High"
"TCGA-55-7725-01A-11R-2170-07",NA,0.0432912185451205,0.0609451220953379,0.0537332671833558,0,0.0879366704467894,0.017541538166124,0.0158784757675158,0.017000120919076,0.050815579531124,0,0.652858007345557,8.80280465707103,"High"
"TCGA-55-7726-01A-11R-2170-07",NA,0.0171854621038731,0.10773137927978,0.0158997918836048,0,0.111302475913177,0.0177532950584138,0,0,0.0234056859145735,0,0.706721909846578,6.01979238855952,"High"
"TCGA-55-7727-01A-11R-2170-07",NA,0.0581859300357429,0.0961567606415693,0.0896339859808836,0,0.0705366761026187,0.0247011925808025,0,0.0140102145446998,0.0643604480738472,0,0.582414792039836,4.34685041563958,"Low"
"TCGA-55-7728-01A-11R-2187-07",NA,0.0726039458693395,0.0903791726448284,0.12917694866649,0,0.0128778335864256,0.0480947149235927,0,0.0082370344373194,0.0422774089142048,0.0349822988650178,0.561370642092782,6.61293343120574,"High"
"TCGA-55-7816-01A-11R-2170-07",NA,0.0254166968959449,0.0640937403413305,0.196811311891656,0,0.0334636305882684,0.0314618625469251,0,0.0268234823392621,0.052546760292578,0.0523919248039933,0.516990590300042,4.3130183003734,"Low"
"TCGA-55-7903-01A-11R-2170-07",NA,0.0115596615315854,0.220846316103006,0.0604340334456598,0,0.159190545856396,0.0234899856827712,0,0.0211849505351498,0.0390948390149044,0,0.464199667830527,4.85765979544416,"High"
"TCGA-55-7907-01A-11R-2170-07",NA,0.0326723292707732,0.102378807466509,0.0538535180845688,0,0.0443506972957829,0.0210421457039569,0,0.0224168936733307,0.0552433816411936,0.020376068209529,0.647666158654356,4.59783112720569,"High"
"TCGA-55-7910-01A-11R-2170-07",NA,0.0139682140549785,0.0228524068982988,0.133032053225986,0,0.0984613816340443,0.0253688276413274,0,0,0.0392847743884001,0,0.667032342156964,3.5833246741021,"Low"
"TCGA-55-7911-01A-11R-2170-07",NA,0.0173286232350418,0.162492972602026,0.071181622910578,0,0.143948146359167,0.0165425776663666,0,0.0453165123692414,0.064520396302369,0,0.47866914855521,4.79131490317115,"High"
"TCGA-55-7913-01B-11R-2241-07",NA,0,0,0,0.35215168306816,0.401292734644104,0.0115052365557642,0,0,0.0142130780734512,0.0385956385773228,0.182241629081197,4.79148083121995,"High"
"TCGA-55-7914-01A-11R-2170-07",NA,0.0315857020584743,0.176378291890663,0.0511984550814184,0,0.239139879887997,0.0167123982294287,0,0.0179576008394491,0.0376067006835024,0,0.429420971329067,12.6925389395859,"High"
"TCGA-55-7994-01A-11R-2187-07",NA,0.0273933480385844,0.239943753499737,0.0851900706700643,0,0.0406094433858449,0.01533148459198,0,0.0600706612606672,0.0583948808918398,0,0.473066357661282,4.8561180829861,"High"
"TCGA-55-7995-01A-11R-2187-07",NA,0.0363082641061689,0.0821328735377097,0.0656323064992815,0,0.0574521830445007,0.0410128706247065,0,0.0665525293910846,0.0552589857971994,0.028421941580568,0.567228045418781,4.55793021301142,"High"
"TCGA-55-8085-01A-11R-2241-07",NA,0.0338838613215972,0.0655791355374725,0.073538533505104,0,0.0190313780959414,0.0186129466695823,0,0.033806350003587,0.0533787444816181,0.0259405252573587,0.676228525127739,3.92519306657534,"Low"
"TCGA-55-8087-01A-11R-2241-07",NA,0.00717600882586123,0.0569017760345823,0.0534200707550115,0,0.30187122418838,0.0187587877262191,0,7.75340692932037e-05,0.0215755555254615,0,0.540219042875192,4.57121894592958,"High"
"TCGA-55-8089-01A-11R-2241-07",NA,0.0419765432685818,0.106584860968367,0.0681467751932539,0,0.0729479787914781,0.0202503832125327,0,0.0727486561141068,0.0514191379486961,0.0110718992218933,0.55485376528109,4.47554461450803,"Low"
"TCGA-55-8090-01A-11R-2241-07",NA,0.0262170541458241,0.154938492114899,0.0429514109074042,0,0.0946279150826796,0.023070673774586,0,0.00224547311401197,0.0432644454236115,0,0.612684535436984,4.37843256454436,"Low"
"TCGA-55-8091-01A-11R-2241-07",NA,0.0213462005271121,0.0615304475405925,0.100972680351706,0,0.169988784340662,0.0220063414256231,0,0.00170498063907308,0.0315853602996536,0,0.590865204875578,4.63111134322479,"High"
"TCGA-55-8092-01A-11R-2241-07",NA,0.060623653250647,0.0582263037555837,0.0225835908715079,0,0.0270140379362551,0.0207122266362398,0,0.0487131280082138,0.0309920736915108,0.0107225011632784,0.720412484686763,6.886980920303,"High"
"TCGA-55-8094-01A-11R-2241-07",NA,0.0154082121407302,0.0047084024715333,0.0307367922252515,0,0.038278958102901,0.0123074563088681,0,0,0.00755097201987613,0,0.89100920673084,5.19901442954364,"High"
"TCGA-55-8096-01A-11R-2241-07",NA,0.0272408210833197,0.0804567601639702,0.0642333167441381,0,0.119722900554359,0.0255053243148362,0,0.00796179953991653,0.0250102648965275,0,0.649868812702932,5.65190670849198,"High"
"TCGA-55-8097-01A-11R-2241-07",NA,0.0160068329159904,0.134441436246627,0.0752083211355297,0,0.197525744516089,0.0256605496010939,0,0.00577326047057478,0.0531796555367172,0,0.492204199577378,4.20345557167526,"Low"
"TCGA-55-8203-01A-11R-2241-07",NA,0.0382340860688116,0.0369768573674197,0.0625858974045258,0,0.0536315993927784,0.00589961539884038,0.0820221311568535,0.0238609890115095,0.078557900362415,0,0.618230923836846,4.13667539219112,"Low"
"TCGA-55-8204-01A-11R-2241-07",NA,0.0306624099197773,0.0323772108556039,0.0681241614782872,0,0.0892312568304975,0.0171509455809712,0,0.00680629272526866,0.0296857214129971,0.0242034327555161,0.701758568441081,7.44107797416443,"High"
"TCGA-55-8205-01A-11R-2241-07",NA,0.0311081314986127,0.164731198694868,0.0976295457901127,0,0.0647638396547977,0.0118886538584106,0,0.069115461341402,0.0585887507792306,0,0.502174418382566,4.52820861862852,"High"
"TCGA-55-8206-01A-11R-2241-07",NA,0.0218919486424048,0.0535013044622995,0.102271482039565,0,0.191038204206643,0.0260317343674066,0.0116765809090732,0.000781273020158449,0.0459021048072566,0,0.546905367545193,4.46022130217769,"Low"
"TCGA-55-8207-01A-11R-2241-07",NA,0.00876948573932081,0.341028630193082,0.095502307663444,0,0.155023515710138,0.0292597832884243,0,0.00815807593614904,0.0500632495980119,0,0.31219495187143,4.42574335960357,"Low"
"TCGA-55-8208-01A-11R-2241-07",NA,0.0578720803887694,0.152365325050251,0.0821527143963738,0,0.0926742093229803,0.0188445448119381,0,0.0369379696814717,0.0761510063907747,0.00512837447711783,0.477873775480323,4.30761758322425,"Low"
"TCGA-55-8299-01A-11R-2287-07",NA,0.0261784713836341,0.113633617135283,0.085564258018908,0,0.160362346625669,0.015536221044647,0,0.0664370699309249,0.0558486529149362,0,0.476439362945998,4.97388864925012,"High"
"TCGA-55-8301-01A-11R-2287-07",NA,0.0473365050380099,0.11577557378655,0.0646381822913734,0,0.0773803625043453,0.0279191398078927,0,0.0389344637056555,0.0612666807324836,0,0.56674909213369,4.58278892293545,"High"
"TCGA-55-8302-01A-11R-2326-07",NA,0.0219438154626934,0.0823242429676544,0.0472512406985007,0,0.0687189750822136,0.0191208346506375,0,0.0129336042030219,0.0364265524921666,0,0.711280734443112,4.35653573383129,"Low"
"TCGA-55-8505-01A-11R-2403-07",NA,0.0162638163391146,0.0627220595771219,0.0295381204201127,0,0.0696545132627381,0.0146799745876119,0,0,0.0213000833582595,0,0.785841432455041,5.62616914135295,"High"
"TCGA-55-8506-01A-11R-2403-07",NA,0.00052232017682343,0.167901743224009,0.084147357740689,0,0.200114870099056,0.0207282684014969,0,0.00794382328041995,0.0343426217802086,0,0.484298995297297,3.5833246741021,"Low"
"TCGA-55-8507-01A-11R-2403-07",NA,0.00807186496000722,0.0913437435615521,0.0910053304359977,0,0.0933431744623648,0.0248764585990634,0,0.00561563308733935,0.038077073536701,0,0.647666721356974,4.44253817702753,"Low"
"TCGA-55-8508-01A-11R-2403-07",NA,0.050065611687254,0.0424803238202549,0.046498084814272,0,0.0423952753939896,0.0191892553392479,0,0.00270226515620306,0.0258224623919363,0,0.770846721396842,4.67601188887875,"High"
"TCGA-55-8510-01A-11R-2403-07",NA,0.0238072749253946,0.112354824579017,0.0907053587845115,0,0.106106892904743,0.0199593667616154,0,0.0275742399368114,0.0615713822086338,0,0.557920659899274,4.35852040170384,"Low"
"TCGA-55-8511-01A-11R-2403-07",NA,0.0455312082121288,0.147322697023341,0.0355801244916672,0,0.0675325549956633,0.0209501108893959,0,0.025338991974239,0.0582736426669466,0,0.599470669746618,4.96195611316471,"High"
"TCGA-55-8512-01A-11R-2403-07",NA,0.0129407943953022,0.0727047900947738,0.0595091865652547,0,0.105133337558342,0.0373818998975261,0,0.00498564865407427,0.0320459990529591,0,0.675298343781768,5.25490058277577,"High"
"TCGA-55-8513-01A-11R-2403-07",NA,0.0482768577415011,0.0590794493361397,0.14854554734175,0,0.0889516597212325,0.0385237643500809,0,0,0.0673772544659717,0.0198124199807031,0.529433047062621,7.48286765725442,"High"
"TCGA-55-8514-01A-11R-2403-07",NA,0.00938441784239728,0.169703581753995,0.131215404237381,0,0.0865044093930546,0.0440371449978318,0,0,0.038385932992287,0,0.520769108783054,5.3600540035767,"High"
"TCGA-55-8614-01A-11R-2403-07",NA,0.0144778495378119,0.0556843789239615,0.0637928181311984,0,0.105329448508944,0.0223908226050531,0,0.00589399353480293,0.030574314748782,0.0191619547681976,0.682694419241249,4.24185268870006,"Low"
"TCGA-55-8615-01A-11R-2403-07",NA,0.0161542810993663,0.0154211894839708,0.0436236089565778,0,0.139872113008188,0.0226432791997273,0,0,0.0165476806780414,0.0110500352720471,0.734687812302081,4.34876043233725,"Low"
"TCGA-55-8616-01A-11R-2403-07",NA,0.0418005879982869,0.0705343466490438,0.037539279667941,0,0.0814683687118121,0.0380571651546251,0.0164058714557043,0.00903017232262865,0.0257616116733778,0,0.67940259636658,4.32843466739402,"Low"
"TCGA-55-8619-01A-11R-2403-07",NA,0.0444735065180888,0.0771333019801564,0.0866546150928027,0,0.106642914294071,0.0200167231658664,0,0.0210365056092111,0.0741611887201551,0,0.569881244619649,6.34964844455348,"High"
"TCGA-55-8620-01A-11R-2403-07",NA,0.0247883140244723,0.0219154089354226,0.0276090159798408,0,0.019261935439942,0.0167751315405717,0.00830895232006255,0.0247882260020738,0.0343140593577332,0.0384249525214676,0.783814003878413,4.9604813935634,"High"
"TCGA-55-8621-01A-11R-2403-07",NA,0.0285198004551281,0.0946182759705119,0.103974809517532,0,0.106961598218965,0.0319144564943907,0,0.00821481448502994,0.0722012344123936,0.00684999813469914,0.546745012311349,4.59342224722424,"High"
"TCGA-55-A48X-01A-11R-A24H-07",NA,0.100698099404135,0.0948470425224331,0.0783197595440235,0,0.11260311685204,0.0335152359303081,0,0.0202261147466465,0.0556265487922203,0,0.504164082208193,4.37123110096619,"Low"
"TCGA-55-A48Y-01A-11R-A24H-07",NA,0.0182643074352584,0.108240754099086,0.0747991403907637,0,0.0600787306721767,0.0142226243831196,0,0.0062962642720851,0.0459419619147378,0,0.672156216832772,3.5833246741021,"Low"
"TCGA-55-A48Z-01A-12R-A24X-07",NA,0.0223752171872875,0.0444599992390985,0.0620884078009216,0,0.0872711421637054,0.038027438785037,0,0.0126807859522874,0.0340337419571201,0.00649472150054754,0.692568545413995,4.99037944224508,"High"
"TCGA-55-A490-01A-11R-A466-07",NA,0,0.473946945718122,0.104051486715304,0,0.121715246039503,0.0230989117548541,0,0.00301089405313,0.0577207695100498,0,0.216455746209037,3.5833246741021,"Low"
"TCGA-55-A491-01A-11R-A24H-07",NA,0.0197621803064167,0.0304343597222548,0.0297998000301133,0,0.212359187476765,0.0200816187949855,0,0.00785859237595808,0.0136579591257091,0,0.666046302167798,4.54705462581944,"High"
"TCGA-55-A492-01A-11R-A24H-07",NA,0.00782821542615526,0.0104118030497252,0.0890709322447169,0,0.0598288698234827,0.0150238247333679,0.00903294582456741,0.00255914379000334,0.0155402908359648,0,0.790703974272016,3.5833246741021,"Low"
"TCGA-55-A493-01A-11R-A24H-07",NA,0.0359386854626996,0.194608562398452,0.0454902878559651,0,0.0278264441224546,0.0257069510615034,0,0.024615119989216,0.0708568600857958,0,0.574957089023914,4.84894902547906,"High"
"TCGA-55-A494-01A-11R-A24X-07",NA,0.0330144978451727,0.030712052101367,0.0619826573728238,0,0.044435846738264,0.032736597103695,0,0.000982510404471153,0.0233372500030537,0.00416954797179408,0.768629040459359,4.45476209813474,"Low"
"TCGA-55-A4DF-01A-11R-A24H-07",NA,0.0384015640952793,0.0739446912781554,0.0377505220193803,0,0.0559858598459691,0.0373357914472417,0,0.0260897393393195,0.0530271732759711,0.0263992257091409,0.651065432989543,4.58968924350551,"High"
"TCGA-55-A4DG-01A-11R-A24H-07",NA,0.0467861161334646,0.0431165166917724,0.0799579343371351,0,0.104743660181637,0.0462323345126837,0,0.0119085731440455,0.0497125798717655,0,0.617542285127496,4.40471948898521,"Low"
"TCGA-55-A57B-01A-12R-A39D-07",NA,0.0176434882237599,0.137445955539294,0.0904396868865181,0,0.106039753886721,0.0319264634932001,0,0.00263352983688306,0.0630591566503354,0,0.550811965483288,4.856137840424,"High"
"TCGA-62-8394-01A-11R-2326-07",NA,0.0104065801494756,0.0574320299263392,0.0512426863010561,0,0.0985117826265156,0.0321259202207803,0,0.00956761646685013,0.0387121711942554,0,0.702001213114728,5.44111145035168,"High"
"TCGA-62-8395-01A-11R-2326-07",NA,0.0119463213334129,0.06264154975982,0.179727234404671,0,0.200839574843724,0.029569271026849,0,0.00213197382002973,0.0324148658460423,0,0.480729208965452,4.4650484422413,"Low"
"TCGA-62-8397-01A-11R-2326-07",NA,0.00977198879029767,0.0415985911665885,0.0504444875270377,0,0.160413494231932,0.0113497030745886,0,0.00265148124818189,0.0146005225989283,0,0.709169731362445,4.34758587159547,"Low"
"TCGA-62-8398-01A-11R-2326-07",NA,0.0218199530905501,0.0755087606127722,0.0370930734962967,0,0.0579222088730544,0.0169871296524719,0,0.0045068637770501,0.0401758265172966,0,0.745986183980508,4.81320689513245,"High"
"TCGA-62-8399-01A-21R-2326-07",NA,0.0184671303343075,0.12245519861823,0.0684810758500592,0,0.0891812834117808,0.0210541468466959,0,0.0129371829494454,0.0393276317408189,0,0.628096350248663,4.49048646920838,"Low"
"TCGA-62-8402-01A-11R-2326-07",NA,0.0125727422295431,0.0673898289895571,0.0297353752087001,0,0.0874340141819454,0.0242608285675702,0,0.0469581668769342,0.0485977768911997,0.0254978288800757,0.657553438174475,4.80519518905093,"High"
"TCGA-62-A46O-01A-11R-A24H-07",NA,0.0136214600426239,0.0184491530521304,0.0175885279778295,0,0.0794562093095216,0.0187891952396172,0,0,0.0286498749303656,0.013097412941915,0.810348166505997,4.46594508241335,"Low"
"TCGA-62-A46P-01A-11R-A24H-07",NA,0.00982036596272844,0.0433673260426734,0.10445021348603,0,0.0659983414456898,0.0145028880409842,0.0185676563606064,0.0052790486231975,0.0180056746431771,0,0.720008485394913,3.5833246741021,"Low"
"TCGA-62-A46R-01A-11R-A24H-07",NA,0.0279633193937675,0.080589136313906,0.037948862334339,0,0.174643751897777,0.0128304959336441,0,0.0158121099988466,0.0489659754030161,0,0.601246348724704,4.80564091907111,"High"
"TCGA-62-A46S-01A-11R-A24H-07",NA,0.0157125676713326,0.00848004906834593,0.0151273046921459,0.169743615357527,0.213167921858267,0.0195058551265178,0,0.00294404044254963,0.0214117618537471,0.0381169332066197,0.495789950722947,4.1475024401976,"Low"
"TCGA-62-A46U-01A-11R-A24H-07",NA,0.0114376824975941,0.31470909265821,0.0935493960657461,0,0.0526917708470007,0.0318333370279426,0,0.034398214028008,0.109790709333889,0.0307335654265972,0.320856232115012,4.34232099636839,"Low"
"TCGA-62-A46V-01A-11R-A24H-07",NA,0.00540628839887895,0.128315256558472,0.0435351490511643,0,0.182608449180218,0.0179007773555413,0,0,0.0287039314414255,0,0.5935301480143,4.38882540799231,"Low"
"TCGA-62-A46Y-01A-11R-A24H-07",NA,0.0220180025268185,0.0947592077684893,0.0689648406189404,0,0.151116878875233,0.0186291609172024,0,0.0170470525047288,0.0385977319959875,0,0.5888671247926,4.46080264705083,"Low"
"TCGA-62-A470-01A-11R-A24H-07",NA,0.0190945232838681,0.0477741647646857,0.0759044461084349,0,0.0390413300196767,0.0128895217259369,0,0,0.0375661134284722,0.022620039336844,0.745109861332082,4.86209307934559,"High"
"TCGA-62-A471-01A-12R-A24H-07",NA,0.0125356640062501,0.0384209425051696,0.0175566470283954,0,0.0597603597349516,0.0189384630561388,0,0.00836735687549232,0.0177559745989631,0,0.826664592194639,4.9697380080239,"High"
"TCGA-62-A472-01A-11R-A24H-07",NA,0.0250846857571143,0.0823039157307327,0.0764129191345092,0,0.0758953400385566,0.0212841945846116,0,0.0268561319428471,0.0425615654729051,0,0.649601247338723,4.14535002097376,"Low"
"TCGA-64-1676-01A-01R-0946-07",NA,0.0153422955077992,0.0928570388757416,0.12235512467703,0,0.0362550267155513,0.0104603772736163,0,0.0280198713473422,0.0225179820429926,0,0.672192283559927,3.5833246741021,"Low"
"TCGA-64-1677-01A-01R-0946-07",NA,0.0287791349629142,0.0826889419158997,0.0444545551025827,0,0.0572707965530061,0.0149423259222755,0,0.0160490230518654,0.0390896194604036,0,0.716725603031053,4.18944312906051,"Low"
"TCGA-64-1678-01A-01R-0946-07",NA,0.00595585163757087,0.00228144061123481,0.0302342940077688,0,0.0627916959737618,0.00827515534200062,0,0.00298734937969652,0.0213330773662874,0,0.866141135681679,4.18058719019716,"Low"
"TCGA-64-1679-01A-21R-2066-07",NA,0.0128316480336349,0.186544072492076,0.0775067297928725,0,0.188089920722083,0.0162716023699388,0,0,0.0330662104018319,0,0.485689816187563,4.44856572489087,"Low"
"TCGA-64-1680-01A-02R-0946-07",NA,0.0138029292437056,0.0871024308760345,0.0907250813516725,0,0.0701647623393129,0.0246040513071419,0,0.00257926438127122,0.0211141902563289,0,0.689907290244532,3.5833246741021,"Low"
"TCGA-64-1681-01A-11R-2066-07",NA,0.0260475209017379,0.0677253244256813,0.0870063859621721,0,0.141373020429732,0.0243492881971974,0,0.00165124780251405,0.0319175918704467,0,0.619929620410519,4.64679104049,"High"
"TCGA-64-5774-01A-01R-1628-07",NA,0.00575706521988382,0.00903311402133761,0.00648390737379445,0.152190512563979,0.26331717655363,0.0148915903113852,0,0.019879261948404,0.0164413378074731,0.0270798181681787,0.484926216031934,4.30063905357869,"Low"
"TCGA-64-5775-01A-01R-1628-07",NA,0.00781616707845431,0.0773167440730965,0.017080144083922,0,0.108831007820995,0.00557840101152715,0,0,0.019500421541958,0,0.763877114390048,4.03572060565042,"Low"
"TCGA-64-5778-01A-01R-1628-07",NA,0.0399504715068821,0.0772751730317271,0.0624004940538924,0,0.0692844025286363,0.0236967530451452,0.00519804969777349,0.0928308791243875,0.0488544467301547,0,0.580509330281401,4.32313123788288,"Low"
"TCGA-64-5779-01A-01R-1628-07",NA,0.0466106034746866,0.0321609457659731,0.039419511903488,0,0.08562492203696,0.0192692663539441,0,0.0108834663937099,0.0512251831416264,0,0.714806100929612,4.83903222455502,"High"
"TCGA-64-5781-01A-01R-1628-07",NA,0.0146613848948358,0.0884674220080737,0.00920551473534282,0,0.0517471434520731,0.0141470310497029,0,0.0726052947782225,0.0236915699521856,0,0.725474639129564,4.45721597741132,"Low"
"TCGA-64-5815-01A-01R-1628-07",NA,0.0144173041024136,0.120933805673002,0.0835032590775012,0,0.0809621220183998,0.0141892334890791,0,0.00334298498634213,0.0501728317576881,0,0.632478458895574,5.47031963955653,"High"
"TCGA-67-3770-01A-01R-0946-07",NA,0.00817500576076696,0.0663605370654451,0.144883983825538,0,0.0451117202170696,0.0252683386974972,0.00585213355349819,0.0154261134728257,0.0411332404836257,0,0.647788926923734,4.86128080896523,"High"
"TCGA-67-3771-01A-01R-0946-07",NA,0.0321285039830525,0.0950358604046225,0.0529210457183102,0,0.0831383626822961,0.0187063382288774,0,0.017938564561224,0.0460983238215183,0.054380503378393,0.599652497221706,4.61194881706198,"High"
"TCGA-67-3772-01A-01R-0946-07",NA,0.0198742929023293,0.0694389163978661,0.0811841013568794,0,0.144906309406052,0.0138335356053567,0,0.00675641917733474,0.0280160110378038,0,0.635990414116378,4.65852534073156,"High"
"TCGA-67-3773-01A-01R-0946-07",NA,0.0126633149105577,0.145849301546826,0.0956683440313841,0,0.154391856985039,0.0140538628066823,0,0.0185773241633141,0.0413428175904803,0,0.517453177965716,4.15359311211348,"Low"
"TCGA-67-3774-01A-01R-0946-07",NA,0.0217760047123626,0.0976185670817468,0.141360865255901,0,0.0796497488541588,0.0365211527535232,0,0.00935752293123529,0.0490900142116839,0,0.564626124199389,4.03984434349233,"Low"
"TCGA-67-4679-01B-01R-1755-07",NA,0.0112372465292768,0.134015287883566,0.141841206108728,0,0.155747971346232,0.0345804484475862,0,0.0105184990186165,0.0383480500364343,0,0.47371129062956,4.03075226463719,"Low"
"TCGA-67-6215-01A-11R-1755-07",NA,0.00896693956941483,0.11378499350531,0.0943578466266929,0,0.162500050577616,0.0131224373623756,0,0.00168461260660882,0.0286928042921028,0,0.576890315459879,4.05160956026638,"Low"
"TCGA-67-6216-01A-11R-1755-07",NA,0.02957676416137,0.0702114748706236,0.0817413627704678,0,0.125003600222639,0.0224363075816055,0,0.0126957793189323,0.0291424167457142,0,0.629192294328648,4.23167829333203,"Low"
"TCGA-67-6217-01A-11R-1755-07",NA,0.0317273749732325,0.249496749011979,0.0649561046378164,0,0.103808812492247,0.0269046746595943,0,0.0306941349957146,0.0678675012608291,0,0.424544647968588,4.99357954272533,"High"
"TCGA-69-7760-01A-11R-2170-07",NA,0.00454869321245016,0.254976973944497,0.0298082911490137,0,0.20046470179495,0.014147233076943,0,0,0.0281377915051826,0,0.467916315316964,4.39071263091446,"Low"
"TCGA-69-7761-01A-11R-2170-07",NA,0.0842141591104717,0.0966394788227969,0.0200259216409609,0,0.0157878675472266,0.0228059011669868,0,0.0392836079881817,0.0607745098603054,0.0235697629964668,0.636898790866603,5.79539137849312,"High"
"TCGA-69-7763-01A-11R-2170-07",NA,0.0216461003170386,0.065379314741982,0.0794375375815564,0,0.0621396189072485,0.0215447809873188,0.00366167976056804,0.00371214348736403,0.0410174191346571,0,0.701461405082267,4.68505101729366,"High"
"TCGA-69-7764-01A-11R-2170-07",NA,0.0215718587230591,0.0237645132118515,0.0752129624343291,0,0.14884337424836,0.0236443231508026,0.0188549355573241,0.013416898710164,0.0250819987009906,0,0.649609135263119,4.06413157678051,"Low"
"TCGA-69-7765-01A-11R-2170-07",NA,0.0389522147695027,0.103895688698155,0.0962208210360873,0,0.0929065351952333,0.0187387897903999,0,0.00922694045940766,0.0460515092065421,0,0.594007500844672,4.04017615601242,"Low"
"TCGA-69-7973-01A-11R-2187-07",NA,0.0134747322158058,0.00358283579023797,0.0836655465653054,0,0.197349616461683,0.0143548390328613,0,0.0152298736208703,0.024132473813881,0.0403858353564165,0.607824247142938,4.75701996827301,"High"
"TCGA-69-7974-01A-11R-2187-07",NA,0.0243271416683703,0.264107920152148,0.107669154309531,0,0.0889135637007574,0.0171633861627767,0,0.0117214200393176,0.0661637497802191,0,0.41993366418688,4.65031129035419,"High"
"TCGA-69-7978-01A-11R-2187-07",NA,0.0346690648383569,0.15916268106961,0.111215435352501,0,0.055416900717826,0.0158484837868566,0,0.048854647420867,0.0790103001597214,0,0.49582248665426,4.58778218200158,"High"
"TCGA-69-7979-01A-11R-2187-07",NA,0.00862170650456207,0.0727645924334584,0.0769959623363195,0,0.0911011499793028,0.0379221153065469,0,0.000450968543255247,0.0210111080783159,0,0.691132396818239,4.23236835848502,"Low"
"TCGA-69-7980-01A-11R-2187-07",NA,0.0240763701410598,0.164725382442508,0.064970549073361,0,0.0822371881661329,0.0318893076555498,0,0.0241354584243405,0.0482836935482653,0,0.559682050548782,4.29634254830047,"Low"
"TCGA-69-8253-01A-11R-2287-07",NA,0.0168378422818842,0.0307322422299937,0.0539954082853894,0,0.0613140893054035,0.012117088900573,0.0137261802828269,0.00227048022513225,0.0230119349522817,0,0.785994733536515,4.15523448297412,"Low"
"TCGA-69-8254-01A-11R-2287-07",NA,0.0413919255437299,0.0494110759952577,0.0604875961124217,0,0.0686011995049851,0.0292273207103596,0,0.00570009570469596,0.0459015401707857,0.00414722508118336,0.695132021176581,4.18529715633453,"Low"
"TCGA-69-8255-01A-11R-2287-07",NA,0.0252303757173186,0.0703562432305396,0.0240835727752377,0,0.0283903518623059,0.0227511533041537,0,0.0627220345559702,0.0266778536339494,0,0.739788414920525,4.49829153528497,"Low"
"TCGA-69-8453-01A-12R-2326-07",NA,0.0315013355771164,0.108821636249595,0.113522400646448,0,0.0729531709130804,0.0261150202798834,0,0.0180027124803968,0.0686220687877408,0,0.560461655065739,5.84020052622281,"High"
"TCGA-69-A59K-01A-11R-A262-07",NA,0.0244799125282987,0.10376973888071,0.0528946981525788,0.0195953233628061,0.0517378073019825,0.0211276214463718,0,0.0231331955332503,0.0453176284592299,0,0.657944074334772,4.57489267607008,"High"
"TCGA-73-4658-01A-01R-1755-07",NA,0.0210981453607622,0.22146801446971,0.107300866984697,0,0.0810363474593198,0.0179220488174332,0,0.016551778962442,0.0778196858009618,0,0.456803112144674,4.51095794435142,"High"
"TCGA-73-4659-01A-01R-1206-07",NA,0.00997229667203749,0.0520938860076786,0.154586902837496,0,0.110032916242487,0.0211052383990528,0,0.0028064795156572,0.0384302019767392,0,0.610972078348851,4.57193259082208,"High"
"TCGA-73-4662-01A-01R-1206-07",NA,0.0314704178920313,0.318761735696226,0.0778279346614037,0,0.122044013411307,0.0244593218334364,0,0.021113905224413,0.086289431140076,0,0.318033240141106,4.43512023277474,"Low"
"TCGA-73-4666-01A-01R-1206-07",NA,0.00960488505701089,0.218258145740867,0.0743752023035251,0,0.0692063474323451,0.0146439507642567,0,0.0756119062346463,0.0577589355262181,0,0.48054062694113,4.35779940144523,"Low"
"TCGA-73-4670-01A-01R-1206-07",NA,0.00854483526411214,0.0693193511841567,0.014666075931231,0,0.0778164419839048,0.0117269948102393,0,0.00287134671970419,0.0172348702392879,0,0.797820083867364,4.29532397460917,"Low"
"TCGA-73-4675-01A-01R-1206-07",NA,0.0134826443639731,0.11034553330767,0.113665079379046,0,0.0408991478862578,0.0255926480910257,0,0.00169770728939524,0.036863561961179,0,0.657453677721453,4.64369766052935,"High"
"TCGA-73-4676-01A-01R-1755-07",NA,0.0178854892849021,0.11395875897593,0.0658609796042723,0,0.0697251654244723,0.0159112066546125,0,0.0107635577507723,0.0257814127929329,0,0.680113429512106,4.36952408013927,"Low"
"TCGA-73-4677-01A-01R-1206-07",NA,0.0118186959384986,0.011019492255489,0.118618704471491,0,0.0698249858730138,0.0187613210118823,0.0227800493690019,0.0110712480774375,0.0206566657025681,0,0.715448837300618,3.9199379193121,"Low"
"TCGA-73-7498-01A-12R-2187-07",NA,0.0178937665778978,0.0327319818534603,0.113340168939424,0,0.112387132860057,0.0319460699890031,0,0.00397334229898936,0.0434059371733579,0,0.644321600307811,4.43553956364371,"Low"
"TCGA-73-7499-01A-11R-2187-07",NA,0.0233665913070976,0.0498842891187263,0.0798630372741745,0,0.0295914070690366,0.020024481694197,0,0.0846975481290559,0.0449537966596615,0.0283808203711955,0.639238028376855,4.80991751278495,"High"
"TCGA-73-A9RS-01A-11R-A41B-07",NA,0.0138353552239826,0.0257565649562214,0.0326725343638053,0,0.0384276104614106,0.0150619352423833,0,0.0123726210493426,0.0267463659597946,0.00694460133748222,0.828182411405577,4.57453585625849,"High"
"TCGA-78-7143-01A-11R-2039-07",NA,0.0351443887658278,0.0753291525589777,0.0861988434056769,0,0.0582001722025287,0.0454754566856926,0,0.00237029246447726,0.0506197708809537,0.00275119180133023,0.643910731234535,4.61699543127138,"High"
"TCGA-78-7145-01A-11R-2039-07",NA,0.0154576239401888,0.261605880316313,0.0508953868211513,0,0.121975174911533,0.0174762898991983,0,0,0.0368582377823167,0,0.495731406329299,4.35503725640095,"Low"
"TCGA-78-7146-01A-11R-2039-07",NA,0.0137361856155642,0.0863818150804006,0.0656914616736707,0,0.0643845116104287,0.0142366487427693,0,0.00957990208266992,0.0256016035076419,0,0.720387871686855,4.64308300133012,"High"
"TCGA-78-7147-01A-11R-2039-07",NA,0.0139669085362447,0.04339953701192,0.0645403879889755,0,0.0697711119706191,0.0354348298943853,0,0.0154573069290597,0.0300045188570959,0.0143315446735332,0.713093854138167,4.58023813036625,"High"
"TCGA-78-7148-01A-11R-2039-07",NA,0.0186261212555593,0.0344830078540344,0.0731438906115826,0,0.0639667241047619,0.0127661009744467,0,0.020978041258939,0.0296928006983287,0,0.746343313242347,4.65075569017617,"High"
"TCGA-78-7149-01A-11R-2039-07",NA,0.0142456056258685,0.0206361867763903,0.0749112627789655,0,0.0501283237775588,0.0176899297141415,0.0150212801186907,0.0038370057902107,0.0245443160833774,0.0143777907165655,0.764608298618231,4.72850796314903,"High"
"TCGA-78-7150-01A-21R-2039-07",NA,0.0129747384865318,0.0735318962834588,0.0265590963082761,0,0.0464552853720498,0.0167023729274258,0,0.00460057180023997,0.0296754979014577,0,0.78950054092056,4.94768443511309,"High"
"TCGA-78-7152-01A-11R-2039-07",NA,0.0330886121656666,0.128384153315441,0.0756867313226897,0,0.0453855468350043,0.0186125240470351,0,0.0254814058666563,0.0530611870684701,0,0.620299839379037,4.18773951250229,"Low"
"TCGA-78-7153-01A-11R-2039-07",NA,0.0222443559386701,0.0123629311228048,0.0897687126453147,0,0.00690319381583949,0.0306437458250885,0,0.00655419543256846,0.0187799824781208,0.0270096049400964,0.785733277801497,3.5833246741021,"Low"
"TCGA-78-7154-01A-11R-2039-07",NA,0.0272433862981324,0.0596407556771299,0.0393969268175439,0,0.0598388842704086,0.0126990798984117,0,0.00432571363224293,0.0290834994631261,0,0.767771753943004,4.57284169375979,"High"
"TCGA-78-7155-01A-11R-2039-07",NA,0.0185949111909382,0.0133643811890548,0.0298475335840742,0,0.0366058012982046,0.0154012490022614,0,0.0104571677422923,0.0398267511029876,0.033588466442969,0.802313738447218,4.24949085960678,"Low"
"TCGA-78-7156-01A-11R-2039-07",NA,0.0108562639532546,0,0.160621261389355,0,0.0597803833755986,0.0335600316983162,0,0.00151904619602793,0.0263483770024519,0,0.707314636384996,4.3839564916867,"Low"
"TCGA-78-7158-01A-11R-2039-07",NA,0.0204287623020742,0.0651768974910172,0.0658811797557576,0,0.156755718361322,0.0162953436502113,0,0,0.036096120457544,0,0.639365977982074,7.27653797268301,"High"
"TCGA-78-7159-01A-11R-2039-07",NA,0.0143178824891682,0.0150623813138784,0.0752113951775106,0,0.172826645466666,0.015709573296767,0,0.009526439022096,0.0400693107278255,0.00506544021242358,0.652210932293665,4.80415604439851,"High"
"TCGA-78-7160-01A-11R-2039-07",NA,0.0266270663841716,0.0666130487039614,0.10992999394012,0,0.114440663701724,0.0151022355430023,0,0.0466078467469781,0.0760289504399797,0,0.544650194540063,4.21581085939755,"Low"
"TCGA-78-7161-01A-11R-2039-07",NA,0.00981683721220907,0.0148603912836377,0.114532902824647,0,0.142087100507135,0.0250057211198444,0,0.000409050549315616,0.0227263598665319,0,0.670561636636679,4.18631028327506,"Low"
"TCGA-78-7162-01A-21R-2066-07",NA,0.0197004523684818,0.0210313943992076,0.141623326806396,0,0.118927121241534,0.0148819034754758,0.00882916097091416,0.0180992018354209,0.0615201393050395,0,0.59538729959753,4.22648546983448,"Low"
"TCGA-78-7163-01A-12R-2066-07",NA,0.0134612688222118,0.0074837317663905,0.100299284568079,0,0.144473344387091,0.0143475004457759,0,0.00781802979978986,0.0141225095236667,0,0.697994330686996,4.1145368848022,"Low"
"TCGA-78-7166-01A-12R-2066-07",NA,0.0185553638980602,0.0399726024745629,0.0217346800846542,0,0.0361745587567301,0.0120794276738878,0.00480193387217154,0.00316956171241435,0.0196932695257549,0,0.843818602001764,4.38011913669231,"Low"
"TCGA-78-7167-01A-11R-2066-07",NA,0.0130743296342716,0.0339225114872831,0.0596499238828473,0,0.0396753516124492,0.0331783571340418,0,0.00132577720740777,0.0213040076755167,0.00399311830370677,0.793876623062476,4.13950812295514,"Low"
"TCGA-78-7220-01A-11R-2039-07",NA,0.0117885215842343,0.0278189504430458,0.0484789557138532,0,0.077388157446851,0.01499648338857,0.0053120420429567,0.0145023573596629,0.0217843327252662,0,0.77793019929556,4.98210281591003,"High"
"TCGA-78-7535-01A-11R-2066-07",NA,0.00747992401452708,0.0332204779806198,0.133134340677044,0,0.0602782922962601,0.0250500296985759,0,0.00278369394448501,0.0148912748152172,0,0.723161966573271,4.45835176789269,"Low"
"TCGA-78-7536-01A-11R-2066-07",NA,0.0204497725122643,0.0385637174539906,0.0768260485773178,0,0.00925265447799173,0.0274263402547562,0,0.00897316351771607,0.0397293992418675,0.0268888459860533,0.751890057978043,4.20659942179992,"Low"
"TCGA-78-7539-01A-11R-2066-07",NA,0.0150087396046868,0.0764318139557644,0.0606356677922437,0,0.147245684170851,0.0145304614105846,0.0191264764371866,0.0347860002756994,0.0404352048459409,0,0.591799951507043,4.39489319570531,"Low"
"TCGA-78-7540-01A-11R-2066-07",NA,0.0305370797858151,0.0263808387987422,0.0391500292285748,0,0.06673995373846,0.01508018150982,0,0,0.0210867425398168,0.0087101900880807,0.79231498431069,8.62299038267407,"High"
"TCGA-78-7542-01A-21R-2066-07",NA,0.0171712660239947,0.0484012372249749,0.0203256349554497,0,0.0555925106142336,0.00711254015847284,0,0.00979187622905436,0.0254517460475213,0,0.816153188746299,4.73960801949792,"High"
"TCGA-78-7633-01A-11R-2066-07",NA,0.00372194831693991,0.000310973295924795,0.196444256951172,0,0.0688114561492189,0.0240152978104155,0,0,0.0248207664577633,0,0.681875301018566,4.47390807097988,"Low"
"TCGA-83-5908-01A-21R-2287-07",NA,0.0319578467603996,0.159084576888711,0.0202381524828543,0,0.0554577630825767,0.0220755360674665,0,0.0957606093089849,0.0648872962053383,0,0.550538219203668,3.94274390666597,"Low"
"TCGA-86-6562-01A-11R-1755-07",NA,0.0307837166226154,0.139163556330303,0.0698888107817064,0,0.104514511296371,0.02829230718724,0,0.000396603312647961,0.039905682402941,0,0.587054812066175,4.47715109362554,"Low"
"TCGA-86-6851-01A-11R-1949-07",NA,0.0495615281689524,0.117086749162039,0.0588489377326648,0,0.0979845244338278,0.0373360481668757,0,0.0398636539602722,0.0584488127452777,0,0.54086974563009,4.63968247484127,"High"
"TCGA-86-7701-01A-11R-2170-07",NA,0.0611268137014173,0.0559559872701985,0.0652141873135821,0,0.052572816786911,0.0177103797617658,0,0.0289769687066026,0.0717106314398386,0.0037882072982351,0.642944007721449,4.17438345977717,"Low"
"TCGA-86-7711-01A-11R-2066-07",NA,0.0104186604353096,0.0567461286470777,0.0213175570438874,0,0.317084198815849,0.00503784885047013,0,0.0050080061646595,0.0125674119595757,0,0.571820188083171,4.54799664595602,"High"
"TCGA-86-7713-01A-11R-2066-07",NA,0.00939216581042552,0.00349453302834889,0.00444501574012594,0.116070007518385,0.217393216415743,0.0179102626468698,0,0,0.0150683501347575,0.0682238846831407,0.548002564022203,4.39794415721039,"Low"
"TCGA-86-7714-01A-12R-2170-07",NA,0.0182912212108581,0.0485317745296279,0.158056548920548,0,0.133116993741036,0.0471764551241478,0,0,0.0183974760099334,0,0.576429530463849,4.40696440096425,"Low"
"TCGA-86-7953-01A-11R-2187-07",NA,0.0226448568947844,0.160415269454663,0.0597501106193365,0,0.127474050013774,0.0384139760671742,0,0.011413283496254,0.0687703769011511,0,0.511118076552862,4.97364767773419,"High"
"TCGA-86-7954-01A-11R-2187-07",NA,0.0203603322751239,0.0590718970002437,0.0892426254733765,0,0.163130461042113,0.0216408145586146,0,0.0200565501388124,0.0555458589133685,0.000661314411838136,0.570290146186509,4.37915893897195,"Low"
"TCGA-86-7955-01A-11R-2187-07",NA,0.0152921857304788,0.0197028409216951,0.0207370804680288,0,0.0318974611778774,0.0157387122527575,0,0.00378044465673538,0.0136566795265763,0.022003598641607,0.857190996624244,4.62239080091147,"High"
"TCGA-86-8054-01A-11R-2241-07",NA,0.015730680195872,0.0209803593183452,0.0256464699221429,0,0.0989154629262091,0.0173199509577415,0,0.0021534920187069,0.0264450853472486,0.0426531385341811,0.750155360779553,4.07887546083678,"Low"
"TCGA-86-8055-01A-11R-2241-07",NA,0.0230501902789984,0.183448221435345,0.0495177893338976,0,0.0769158016940288,0.0234675196530208,0,0.00315177840028568,0.0454935585084129,0,0.594955140696011,4.71960993331758,"High"
"TCGA-86-8056-01A-11R-2241-07",NA,0.0220405014922648,0.160196470475761,0.0618058627869805,0,0.197396645142026,0.0206722991434992,0,0.00511555953909849,0.0513805261841966,0,0.481392135236173,4.98408226844227,"High"
"TCGA-86-8073-01A-11R-2241-07",NA,0.0226375539754427,0.0998465461958998,0.0765884163266432,0,0.0878761173561868,0.0297373286918112,0,0.00389393839810761,0.0509294265456295,0.00512757496610915,0.62336309754417,4.66032653182084,"High"
"TCGA-86-8074-01A-11R-2241-07",NA,0.0175165080750261,0.117200239129327,0.041060108877027,0,0.168813741401953,0.0240178488224319,0,0.00451230830708518,0.036463051008113,0,0.590416194379037,4.75378698952079,"High"
"TCGA-86-8075-01A-11R-2241-07",NA,0.0249019061064359,0.224375735009923,0.0388648105678691,0,0.0718698470353525,0.0328267633958676,0,0,0.045884439046688,0,0.561276498837863,5.34047451237218,"High"
"TCGA-86-8076-01A-31R-2241-07",NA,0.0394866454928733,0.0794107071720547,0.079134122138562,0,0.0639129416543816,0.0192214203442238,0,0.0548815748715877,0.0521728841805287,0,0.611779704145788,4.20560676126938,"Low"
"TCGA-86-8278-01A-11R-2287-07",NA,0.00680681819792301,0.0545009795726836,0.11529894945074,0,0.227105825668825,0.0197329405435371,0,0.000666927016826881,0.0310935364876039,0,0.54479402306186,4.24175304304706,"Low"
"TCGA-86-8279-01A-11R-2287-07",NA,0.00153500712694608,0.157972738897089,0.103254781108448,0,0.0905885504929057,0.0277131803847886,0,0,0.0407913124138466,0,0.578144429575976,4.58556884889912,"High"
"TCGA-86-8280-01A-11R-2287-07",NA,0.0316943179968224,0.0602174112422221,0.0983148072293091,0,0.0933238121075422,0.0348771635227834,0.0109568125993638,0.0137013746720856,0.0655008678303168,0,0.591413432799555,4.97794787397433,"High"
"TCGA-86-8358-01A-11R-2326-07",NA,0.0271313686641218,0.0250470539882376,0.0273334770152101,0,0.024304445656232,0.0416118107704748,0,0.0136035207273274,0.0491349008518532,0.0403956715364581,0.751437750790085,4.72390070224284,"High"
"TCGA-86-8359-01A-11R-2326-07",NA,0.0100496312770354,0.0804766550619216,0.071463781569329,0,0.122250855466373,0.0150628884846403,0,0.0714022996424579,0.0418232990832,0,0.587470589415043,4.07301141428439,"Low"
"TCGA-86-8585-01A-11R-2403-07",NA,0.0374152143682547,0.0602916837794667,0.0317735909479665,0,0.0232915375393473,0.0215268074327804,0.00817031765509462,0.0319530252833316,0.0445857528575803,0.0213561262879324,0.719635943848245,5.12828227051901,"High"
"TCGA-86-8668-01A-11R-2403-07",NA,0.0266925525183714,0.307305348443564,0.10378980038276,0,0.111898800678663,0.0367041096216382,0,0.00656152346048618,0.0792163136900865,0,0.327831551204431,5.8744271493261,"High"
"TCGA-86-8669-01A-11R-2403-07",NA,0.0198908883657288,0.0240720502526594,0.163864911302803,0,0.0812868579995868,0.0295006238834732,0,0.00614898949491326,0.05854924395562,0,0.616686434745215,4.43502169929954,"Low"
"TCGA-86-8671-01A-11R-2403-07",NA,0.0711496236089145,0.0657021707807728,0.0978427254404217,0,0.088224157232972,0.0268899435281868,0.101491563496335,0.0601430341189234,0.114821959622076,0.0149606728804607,0.358774149290937,4.83256789476565,"High"
"TCGA-86-8672-01A-21R-2403-07",NA,0.0161315448590655,0.109826943442675,0.026367991591758,0,0.0396908493035327,0.0129663111185951,0,0.0400715726237904,0.0469243414700527,0,0.70802044559053,4.09639740794087,"Low"
"TCGA-86-8673-01A-11R-2403-07",NA,0.0125101424994939,0.0834917682338748,0.121263743621011,0,0.0508613092516311,0.0252132221230896,0,0.0242827036847926,0.030378569091221,0,0.651998541494886,4.70006133677139,"High"
"TCGA-86-8674-01A-21R-2403-07",NA,0.00857452417355497,0.0673040988463323,0.0802066918498506,0,0.0377323959800854,0.0164694636397609,0.0056253490763247,0.00357664692033373,0.0226092018851269,0,0.75790162762863,3.5833246741021,"Low"
"TCGA-86-A4D0-01A-11R-A24H-07",NA,0.0206684031988072,0.0205998670914965,0.0359064245026247,0,0.0205611088877362,0.0366436632456202,0,0,0.0302944536422788,0.0183992494652879,0.816926829966149,4.28572128142502,"Low"
"TCGA-86-A4JF-01A-11R-A24X-07",NA,0.0161709469309732,0.128363544650421,0.0518571249933086,0,0.152379395917722,0.0216949023780355,0,0.0151240421088319,0.0336992280700434,0,0.580710814950665,4.15823769398729,"Low"
"TCGA-86-A4P7-01A-11R-A24X-07",NA,0.0326227729315574,0.113695596692447,0.0923401076681325,0,0.119732954796946,0.0345778052774759,0,0.0227971481500117,0.0752182086546627,0,0.509015405828767,4.58828633072979,"High"
"TCGA-86-A4P8-01A-11R-A24X-07",NA,0.0158265360320998,0.0871293695154902,0.146873108257424,0,0.161149125135251,0.0292842256997688,0,0.0266698819629799,0.193177359351613,0.00169390174040526,0.338196492304968,4.57287419099844,"High"
"TCGA-91-6828-01A-11R-1858-07",NA,0.0286020013225986,0.0690745626233643,0.127992703761609,0,0.106044843756339,0.0153920579248583,0,0.0236856165374885,0.0506184545330672,0,0.578589759540676,4.67483679509164,"High"
"TCGA-91-6829-01A-21R-1858-07",NA,0.0236079200525339,0.270974939767452,0.0649866269645474,0,0.103198567958151,0.0241892125539935,0,0.00685753478379505,0.0347806530058226,0,0.471404544913705,4.69381202747806,"High"
"TCGA-91-6830-01A-11R-1949-07",NA,0.021866236958475,0.0563692981654816,0.064415246139284,0,0.130909598162153,0.0175330411859916,0,0.0183325393197725,0.0531796540545994,0,0.637394386014243,4.57473988514741,"High"
"TCGA-91-6831-01A-11R-1858-07",NA,0.0221806886766606,0.0818746737015321,0.0560988316527306,0,0.0603650632793405,0.0153386267301292,0,0.0136434207058019,0.0358905987810038,0,0.714608096472801,4.05923795364973,"Low"
"TCGA-91-6835-01A-11R-1858-07",NA,0.0807293921738432,0.132990352975717,0.101428550652667,0,0.123929976311586,0.0238907472217112,0.168489160549737,0.0756388440575048,0.0667723821620975,0,0.226130593895137,4.78649511723112,"High"
"TCGA-91-6836-01A-21R-1858-07",NA,0.00571508636649137,0.234215584934434,0.0559930834110522,0,0.09340372519778,0.0267464515380237,0,0.0121180539903666,0.0473886967652539,0,0.524419317796598,4.30678446125055,"Low"
"TCGA-91-6840-01A-11R-1949-07",NA,0.0216620894025657,0.109101852975115,0.0572681222752397,0,0.0898457898351676,0.0200403038348391,0,0.0275737885479055,0.0584838887309032,0,0.616024164398264,4.30441535742939,"Low"
"TCGA-91-6847-01A-11R-1949-07",NA,0.0114046655993855,0.00263182519893183,0.0165435737596503,0,0.0766306357514013,0.0261121449793061,0,0.00501651584497464,0.0144449900232597,0.0232183590126562,0.823997289830435,4.78687385399319,"High"
"TCGA-91-6848-01A-11R-1949-07",NA,0.0240046643125617,0.268297678216676,0,0,0.109870128169172,0.022461564275244,0,0.0291957168148342,0.0531447993675203,0,0.493025448843993,4.71844022306717,"High"
"TCGA-91-6849-01A-11R-1949-07",NA,0.0421908697994499,0.0655555288097568,0.135975676375668,0,0.0237526903761046,0.0256208898053639,0.0427834696126323,0.0172527784913472,0.0224466994864654,0,0.624421397243212,3.5833246741021,"Low"
"TCGA-91-7771-01A-11R-2170-07",NA,0.035098282765769,0.0482333379574997,0.121109048489471,0,0.0517169430845066,0.0249034587901033,0,0.03422007877125,0.0621438475124996,0.00124548918089739,0.621329513448003,4.91042609072092,"High"
"TCGA-91-8496-01A-11R-2403-07",NA,0.00528318502683866,0.0804663489076289,0.0363169818334148,0,0.208749196429199,0.00993484859207622,0,0.00601248733029093,0.0233163097563496,0,0.629920642124202,4.11512481122004,"Low"
"TCGA-91-8497-01A-11R-2403-07",NA,0.0604327659544548,0.0275641214467654,0.101283259782087,0,0.126001270278178,0.0238232424258926,0.0485069801358893,0.00711943345430836,0.0554805898496076,0,0.549788336672817,4.50836613491401,"Low"
"TCGA-91-8499-01A-11R-2403-07",NA,0.0260838149919553,0.0238815908121853,0.0199954560419092,0,0.153451690132809,0.0154719029649032,0,0.00698913995969295,0.0141400723780378,0.00406185230674618,0.735924480411761,4.78039093519284,"High"
"TCGA-91-A4BC-01A-11R-A24H-07",NA,0.0313702241209137,0.045594592663549,0.0489120100004494,0,0.0526363679529813,0.0254984163710693,0,0.140836252483903,0.0435208983772622,0.0135012475287573,0.598129990501115,4.67713631215527,"High"
"TCGA-91-A4BD-01A-11R-A24H-07",NA,0.0127988407505765,0.0378106745020944,0.0812248242974104,0,0.105670815605547,0.0168681554955569,0.00741449402921852,0.00223475969328647,0.023683391357689,0,0.712294044268621,4.13427457597955,"Low"
"TCGA-93-7347-01A-11R-2187-07",NA,0.0260975099440323,0.11269294842292,0.0756425615320868,0,0.20156537502371,0.0156873091054166,0,0.0492813646794528,0.0869673991232557,0,0.432065532169126,4.67290416947372,"High"
"TCGA-93-7348-01A-21R-2039-07",NA,0.0309544532381491,0.108843708803484,0.0435275892957671,0,0.188761506114438,0.0230716795418501,0,0.00758611374019682,0.0464836373680008,0,0.550771311898114,4.81471634049981,"High"
"TCGA-93-A4JN-01A-11R-A24X-07",NA,0.0425690536300875,0.113331877353245,0.0786550243908837,0,0.122782791002589,0.0366825118574834,0,0,0.0622603611729393,0,0.543718380592773,5.16549311913716,"High"
"TCGA-93-A4JO-01A-21R-A24X-07",NA,0.0432525093479891,0.158477075727836,0.150144838196684,0,0.0995676136652866,0.0325446923380865,0,0.0293597887474626,0.0776484747140209,0,0.409005007262635,4.91443583023036,"High"
"TCGA-93-A4JQ-01A-11R-A24X-07",NA,0.0933169705496778,0.121640724287092,0.0445429337685114,0,0.0510111499458451,0.0341884442136201,0,0.0145260188986335,0.0913430820908573,0,0.549430676245762,4.79801669463841,"High"
"TCGA-95-7039-01A-11R-1949-07",NA,0.0109255364570438,0.244952527037281,0.0436946190137978,0,0.122162455905875,0.0136617828608549,0,0.0140794209315919,0.049120688585244,0,0.501402969208311,4.3018404695555,"Low"
"TCGA-95-7043-01A-11R-1949-07",NA,0.0213686842973317,0.0283021826264265,0.038295467768991,0,0.065844039164138,0.0154267885004895,0,0.00696026530523605,0.0208475743084296,0.00188525550059769,0.80106974252836,4.90950332979572,"High"
"TCGA-95-7562-01A-11R-2241-07",NA,0.0126865988890192,0.0605924157069437,0.0693131475963952,0,0.0635342942255482,0.0310486663533205,0,0.0141673275439919,0.0232597675779634,0.025733692933195,0.699664089173623,4.07451508610224,"Low"
"TCGA-95-7567-01A-11R-2066-07",NA,0.0125456902330273,0.290921872873068,0.0612330681518785,0,0.0945635590025304,0.0106371393801924,0,0.0189379196732757,0.0651601664860155,0,0.446000584200012,4.56437512280443,"High"
"TCGA-95-7944-01A-11R-2187-07",NA,0.0134914270295526,0.0954137722227213,0.0651045419533283,0,0.0550161272752945,0.0198237554600724,0,0.0874572596798635,0.0363670760392822,0.00372251994530673,0.623603520394579,3.94661195528892,"Low"
"TCGA-95-7947-01A-11R-2187-07",NA,0.0295296654828636,0.030406768893094,0.0543703862821597,0,0.0417464022971202,0.0288532917716657,0.0439676401427913,0.0153551036597341,0.0315270681301275,0.0457692154833228,0.678474457857121,4.67191221057721,"High"
"TCGA-95-7948-01A-11R-2187-07",NA,0.0261557065064682,0.0339586249597158,0.0557502447706956,0.00393483766141408,0.06796367944492,0.0300985967617383,0,0.00317233633408454,0.0202391097740388,0.0150149262410579,0.743711937545867,3.92982926033212,"Low"
"TCGA-95-8039-01A-11R-2241-07",NA,0.0131551815289681,0.16626610539297,0.100256482352731,0,0.204715578415373,0.0200999084533989,0,0.00618428415291538,0.0813973937354571,0,0.407925065968186,4.21061277145043,"Low"
"TCGA-95-8494-01A-11R-2326-07",NA,0.013489226063672,0.148378192255667,0.0460429764577109,0,0.0676565472173955,0.0173746008406213,0,0,0.0338908377961129,0,0.673167619368821,4.27675606392926,"Low"
"TCGA-95-A4VK-01A-11R-A262-07",NA,0.0428752941138986,0.0628819457755504,0.0667804729065366,0,0.0494728952746372,0.0343583499072057,0.035044251835865,0.0170112884535581,0.0311021865793378,0,0.660473315153411,4.47942679727063,"Low"
"TCGA-95-A4VN-01A-11R-A262-07",NA,0.0252910758434928,0.20838816646835,0.0692748452077467,0,0.0922349956827529,0.0139852892014166,0,0.0436967241394804,0.0649802744748056,0,0.482148628981955,4.27357604641601,"Low"
"TCGA-95-A4VP-01A-21R-A262-07",NA,0.0325328089790594,0.0609282851002174,0.0581970514949095,0,0.129292578044579,0.0181263325813892,0,0.0107509095410748,0.0652288810547329,0,0.624943153204037,4.18665222116139,"Low"
"TCGA-97-7546-01A-11R-2039-07",NA,0.03620577357938,0.214733110936138,0.12496354975383,0,0.137999818097233,0.0347106899770904,0,0.0226388146780335,0.0765236978401597,0,0.352224545138135,3.98214086913026,"Low"
"TCGA-97-7547-01A-11R-2039-07",NA,0.0328735306557097,0.02018633860429,0.0812644808549322,0,0.062715320780788,0.0147912752328754,0.0711009133733418,0.00500576152286667,0.0291182627979069,0.00763560320686108,0.675308512970428,5.02551518391633,"High"
"TCGA-97-7552-01A-11R-2039-07",NA,0.0922538938461226,0.0320352477504687,0.0832802029066169,0,0.0853840402354131,0.02163703124767,0,0.0847149878060496,0.0554038161472855,0.0154613568491739,0.5298294232112,7.13033207104011,"High"
"TCGA-97-7553-01A-21R-2039-07",NA,0.0279319425841141,0.16308811620877,0.128422250984166,0,0.167709484929457,0.0171347159715548,0,0.0305416844821801,0.0903035796338407,0,0.374868225205917,4.33062468078205,"Low"
"TCGA-97-7554-01A-11R-2039-07",NA,0.0288560075090926,0.173570527513383,0.0436735347635853,0,0.0868657803188285,0.0227785325087629,0,0.0105900264843577,0.0449793221071053,0,0.588686268794885,4.48307208301807,"Low"
"TCGA-97-7937-01A-11R-2170-07",NA,0.0017515807628155,0.217604131344191,0.0731924462529464,0,0.0998685199253958,0.0351106877518441,0,0,0.0447175246292276,0,0.52775510933358,4.32957244929784,"Low"
"TCGA-97-7938-01A-11R-2170-07",NA,0.0252007681004901,0.209833565958847,0.107795634892335,0,0.150686376554455,0.0271827932097087,0,0.0123193409672106,0.0427194346073549,0,0.424262085709598,4.59224113418685,"High"
"TCGA-97-7941-01A-11R-2187-07",NA,0.0312217339417604,0.0354393790749135,0.069527745134684,0,0.0958482471664531,0.0390800127670254,0,0.00195810556581781,0.0390512795032765,0.00703606647244846,0.680837430373621,4.57134153852831,"High"
"TCGA-97-8172-01A-11R-2287-07",NA,0.0694546303391623,0.0548362559118894,0.0975801183391336,0,0.109377893200043,0.032350666439569,0.0310067843958645,0.0195346162398024,0.0532811086490991,0,0.532577926485436,4.94667243912195,"High"
"TCGA-97-8174-01A-11R-2287-07",NA,0.023227735227485,0,0.205682438566784,0,0.0688976034082134,0.0423012685780101,0,0.00365407087252792,0.050347037982324,0,0.605889845364656,4.25770452693967,"Low"
"TCGA-97-8175-01A-11R-2287-07",NA,0.0163859454775934,0.194360991590829,0.0559260737788162,0,0.140556914977948,0.0214547362963506,0,0.0015270715249019,0.0457620020922672,0,0.524026264261294,4.3623401651073,"Low"
"TCGA-97-8176-01A-11R-2403-07",NA,0.0147271054736325,0.0398618550528542,0.0578671334473262,0,0.0849849039359144,0.0139829153678762,0.0238680567625462,0.00419948176957169,0.0149723865053739,0.00070807725303953,0.744828084431865,4.76451223656966,"High"
"TCGA-97-8177-01A-11R-2287-07",NA,0.0222958411334404,0.0702964498544792,0.0967613118394238,0,0.185870807018473,0.0180715987978,0,0.0121059987814465,0.0349895857162908,0,0.559608406858646,4.80526840829152,"High"
"TCGA-97-8179-01A-11R-2287-07",NA,0.0134439933225853,0.0393845295868411,0.0793352835545555,0,0.102109515745257,0.0212227696924334,0,0.00271545411432169,0.0318410314496642,0,0.709947422534341,4.67587819671079,"High"
"TCGA-97-8552-01A-11R-2403-07",NA,0.0288145552316307,0.0638655311861382,0.0853749824459628,0,0.134253278010025,0.0307017589918106,0,0.00574971635459117,0.0461591950914674,0,0.605080982688374,4.7978502502892,"High"
"TCGA-97-A4LX-01A-11R-A24X-07",NA,0.0589388834756492,0.137879478566554,0.0839504454261782,0,0.0900493096969056,0.0265100361791496,0,0.0405569418625565,0.0951155284547946,0,0.466999376338212,4.7573178943884,"High"
"TCGA-97-A4M0-01A-11R-A24X-07",NA,0.0280716671721608,0.0685288151408545,0.07343762390271,0,0.0842783519491177,0.0331198620145442,0,0.0271910594488478,0.0594123189506578,0,0.625960301421107,4.25840529116369,"Low"
"TCGA-97-A4M1-01A-11R-A24X-07",NA,0.0111600205531449,0.0388758121193858,0.0691617110374848,0,0.163828551895447,0.0249839966802936,0,0.00346122604844325,0.0501933309930571,0,0.638335350672743,4.7311149575491,"High"
"TCGA-97-A4M2-01A-12R-A24X-07",NA,0.0265872311714168,0.0608960021093451,0.119863056767011,0,0.0836645172423977,0.0345910444042207,0,0.0196738671287153,0.0948947274173902,0.0033649914535427,0.55646456230596,4.6516962356714,"High"
"TCGA-97-A4M3-01A-11R-A24X-07",NA,0.00869026782580554,0.115470054665759,0.102349624832903,0,0.0475097595541863,0.0152507716551153,0,0.00189477761745424,0.0402268130551499,0,0.668607930793627,4.01406968885566,"Low"
"TCGA-97-A4M5-01A-11R-A24X-07",NA,0.0242481110836919,0.0631665359195091,0.075202657484577,0,0.0669094380197278,0.0283723815530624,0,0.00170302279600585,0.0573591139294022,0.0163705080223005,0.666668231191723,5.00190279174514,"High"
"TCGA-97-A4M6-01A-11R-A24X-07",NA,0.0421019330302013,0.052510780806592,0.0789783014071969,0,0.142050106414075,0.0357043285451975,0,0.00798019123548767,0.0732292367097933,0,0.567445121851456,4.12964805615163,"Low"
"TCGA-97-A4M7-01A-11R-A24X-07",NA,0.0304315456180275,0.142599427418901,0.0646699593401414,0,0.201976329659924,0.0250564701291407,0,0.0114806051330992,0.0819110145588959,0,0.44187464814187,4.70644813174729,"High"
"TCGA-99-7458-01A-11R-2039-07",NA,0.0290023782727892,0.162159775930518,0.0860352225762038,0,0.152133467033069,0.0180679929147234,0,0.0383866852858673,0.108344236702271,0,0.405870241284559,4.15837269423,"Low"
"TCGA-99-8025-01A-11R-2241-07",NA,0.0238700213878489,0.1259029107488,0.04921285700191,0,0.0815400511681526,0.0267901423172461,0,0,0.0341461112394261,0,0.658537906136617,4.77124961883314,"High"
"TCGA-99-8028-01A-11R-2241-07",NA,0.039242768527616,0.2658817915882,0.0840261209594022,0,0.0475744895964178,0.0163204001675284,0,0.0781761159891693,0.110786314812579,0,0.357991998359088,4.43221219605562,"Low"
"TCGA-99-8032-01A-11R-2241-07",NA,0.0251755553684118,0.0420331630592385,0.0275521449207898,0,0.111361937930754,0.0135207296115354,0,0.00380676312630509,0.0343375929031104,0,0.742212113079855,4.63642018678459,"High"
"TCGA-99-8033-01A-11R-2241-07",NA,0.0190237535808136,0.157415949893471,0.04022110030664,0,0.081376081402572,0.0164556699474777,0,0.0329490879302421,0.0372228162180183,0,0.615335540720765,4.29186667133989,"Low"
"TCGA-99-AA5R-01A-11R-A39D-07",NA,0.058743016262231,0.107950844258506,0.0633031559517139,0,0.144770498903647,0.0207318992233792,0,0.0289655589028803,0.12093760260945,0,0.454597423888191,4.81235213485608,"High"
"TCGA-J2-8192-01A-11R-2241-07",NA,0.0261988828946825,0.12768691545027,0.124610612470789,0,0.122891196609357,0.0275031933598902,0,0.00389439315588043,0.0540042580079204,0,0.51321054805121,4.72893137547934,"High"
"TCGA-J2-8194-01A-11R-2241-07",NA,0.00410636630917461,0.166883847675087,0.300808606892804,0,0.0546278949651413,0.040464099033994,0,0,0.0389677181868558,0,0.394141466936943,4.26173681804709,"Low"
"TCGA-J2-A4AD-01A-11R-A24H-07",NA,0.0239241581127206,0.0577467821156981,0.0281166340290449,0,0.047514143913776,0.0279290551296351,0,0.00197632684034706,0.0255633592912702,0.0380563895584945,0.749173151009014,4.51356891077102,"High"
"TCGA-J2-A4AE-01A-21R-A24H-07",NA,0.035620182704427,0.0654120718957952,0.0714978032251418,0,0.105772165521277,0.0419517459721079,0,0.00797803131191093,0.0524434661306403,0,0.6193245332387,4.53576402211272,"High"
"TCGA-J2-A4AG-01A-11R-A24H-07",NA,0.05357258135892,0.236064753857679,0.0663254943815891,0,0.0738614357797689,0.0252728545004499,0,0.0196623148893043,0.0925631500346152,0,0.432677415197674,3.5833246741021,"Low"
"TCGA-L4-A4E5-01A-11R-A24X-07",NA,0.0154261922215597,0.0861957576181709,0.0700998667010673,0,0.0914554803192755,0.0255780038337143,0,0.0063150313919481,0.0402081021996161,0,0.664721565714648,4.53696104915951,"High"
"TCGA-L4-A4E6-01A-11R-A24H-07",NA,0.0156443824410777,0.119930697629161,0.157480844276477,0,0.166161093818149,0.0161042409862005,0,0.00240517950361911,0.0912905312084222,0,0.430983030136893,4.32943137214278,"Low"
"TCGA-L9-A443-01A-12R-A24H-07",NA,0.0231030243846791,0.0732511269647205,0.0691712379932903,0,0.104293560693538,0.0253226407428017,0.00153507854960703,0.0186495357167543,0.0241290504268654,0,0.660544744527743,5.12805215101009,"High"
"TCGA-L9-A444-01A-21R-A24H-07",NA,0.0351027454519527,0.133638621456472,0.0752120486952315,0,0.080761546979663,0.0243242468450107,0,0.0983151002555204,0.0640321201122186,0,0.488613570203931,4.73745334887531,"High"
"TCGA-L9-A50W-01A-12R-A39D-07",NA,0.0103451621010929,0.0345861648692172,0.103252831111892,0,0.228309405881248,0.0229876999494419,0,0,0.038439643707244,0,0.562079092379865,5.32054336616713,"High"
"TCGA-L9-A5IP-01A-21R-A39D-07",NA,0.00606384125646594,0.0362184337368075,0.00209750421315738,0,0.312854720691747,0.00629675922580984,0,0.0053607459250801,0.00902842774665037,0,0.622079567204282,5.66808623258075,"High"
"TCGA-L9-A743-01A-43R-A39D-07",NA,0.0435153075338496,0.23233619033959,0.0731630413968621,0,0.118801611381636,0.0293483867468587,0,0.0250342527648003,0.119933168943063,0,0.35786804089334,4.61034552578751,"High"
"TCGA-L9-A7SV-01A-11R-A39D-07",NA,0.0163370718811846,0.0914962767676687,0.0254740571779122,0,0.103029202110123,0.0240031285116489,0,0.00234526316327736,0.0320409961845482,0,0.705274004203637,4.27907841527255,"Low"
"TCGA-L9-A8F4-01A-11R-A39D-07",NA,0.042139459923537,0.0528563563858901,0.0479871402539199,0,0.021303671919618,0.0264390965007841,0,0.0367216866511037,0.0662967731209825,0.0121569949297645,0.6940988203144,4.89978429420417,"High"
"TCGA-MN-A4N1-01A-11R-A24X-07",NA,0.0103585598526245,0.137070899582263,0.0323408660163345,0,0.0733838625175291,0.0324989941627409,0,0,0.0349648203174647,0,0.679381997551044,4.34604522754857,"Low"
"TCGA-MN-A4N4-01A-12R-A24X-07",NA,0.021481119375915,0.0743565960035556,0.0154988081204969,0,0.080474820148056,0.0210573093811771,0,0.00878380044365584,0.0250664052765643,0.0315924055299776,0.721688735720602,4.88330839876345,"High"
"TCGA-MN-A4N5-01A-11R-A24X-07",NA,0.0176135474716692,0.164315490559102,0.0528527917803275,0,0.1743551326559,0.0244845766183682,0,0.0262991668416958,0.0441031462763175,0,0.495976147796621,4.52057878589919,"High"
"TCGA-MP-A4SW-01A-21R-A24X-07",NA,0.0337306443368333,0.105054863886354,0.101637362275768,0,0.0677034550491197,0.0257411886073445,0,0.00689331316929473,0.0536228393726274,0,0.605616333302659,4.84298738242578,"High"
"TCGA-MP-A4SY-01A-21R-A24X-07",NA,0.0132539082561094,0.190271312595495,0.0630280078428698,0,0.043285737052656,0.0242426643166117,0,0,0.0372176116481143,0,0.628700758288144,5.03970056808851,"High"
"TCGA-MP-A4T4-01A-11R-A262-07",NA,0.0304569426851153,0.134139596135336,0.0504823464907003,0,0.0318716902317547,0.0317896817334726,0,0.0571596905630008,0.0726167141284259,0,0.591483338032195,4.69710748779443,"High"
"TCGA-MP-A4T6-01A-32R-A262-07",NA,0.0136673572652017,0.108575285738655,0.0776812983512351,0,0.0912642598044165,0.0539283027075393,0,0.00606372896051445,0.0599221490077416,0,0.588897618164696,4.8332737162887,"High"
"TCGA-MP-A4T9-01A-11R-A24X-07",NA,0.01451851689349,0.113110829858978,0.0782990002408413,0,0.176299607122944,0.0284350903565059,0,0.00532148699899,0.0831528589038732,0,0.500862609624377,4.31951889490316,"Low"
"TCGA-MP-A4TA-01A-21R-A24X-07",NA,0.0248588994815496,0.118510238588384,0.0252517192986649,0,0.0570311918215562,0.0180675450876976,0,0.025770091319333,0.0395896363270944,0,0.690920678075721,5.00790206041017,"High"
"TCGA-MP-A4TC-01A-11R-A24X-07",NA,0.0200910213673421,0.17209324702534,0.0571640978146617,0,0.0778347170872182,0.0268279036919687,0,0.0112675982699875,0.0458866002467455,0,0.588834814496736,4.82923201197932,"High"
"TCGA-MP-A4TD-01A-32R-A262-07",NA,0.0337702725914793,0.0296887972537741,0.0489424894705279,0,0.138160759174859,0.0226404739203881,0,0.00222843632341878,0.0300579860025461,0,0.694510785263006,4.70326980775995,"High"
"TCGA-MP-A4TE-01A-22R-A466-07",NA,0.012105803684366,0.0191176950900292,0.0607690025993151,0,0.0675146329011353,0.0153701801645476,0,0.0018144049171867,0.0177294358150123,0,0.805578844828408,4.17883822579462,"Low"
"TCGA-MP-A4TF-01A-11R-A262-07",NA,0.0290617850338492,0.0461676753403662,0.0181514133247295,0,0.0527259617639207,0.0201049485396058,0,0.00625594521099705,0.0175776853802751,0,0.809954585406256,4.81895367156252,"High"
"TCGA-MP-A4TH-01A-31R-A262-07",NA,0.0797446138938233,0.0627517336724431,0.0604769280839497,0,0.0457812892290789,0.0248965048152577,0.0143014250039805,0.0226250856722002,0.065369189113275,0.000979405130164895,0.623073825385827,4.26505020625299,"Low"
"TCGA-MP-A4TI-01A-21R-A24X-07",NA,0.0269382008203261,0.127918771312807,0.0955255771452023,0,0.0621967899661943,0.0285989971793672,0,0.0424216909260266,0.119926795439022,0.0167286268415322,0.479744550369522,4.5918384306661,"High"
"TCGA-MP-A5C7-01A-11R-A262-07",NA,0.0136989772368697,0.0176116560686218,0.0593959564615033,0,0.0464165889817431,0.0267773035822471,0,0,0.0354849336121997,0.0108461168096467,0.789768467247169,3.5833246741021,"Low"
"TCGA-NJ-A4YF-01A-12R-A262-07",NA,0.0068540157140855,0.00817970071860307,0.0519163410817216,0,0.0457052277898928,0.0237567420878044,0,0.000974070673222213,0.0232127551094089,0.0126968951436898,0.826704251681572,4.64609258499788,"High"
"TCGA-NJ-A4YG-01A-22R-A262-07",NA,0.0158482929215314,0.101709625014283,0.0679562037711828,0,0.0578658145785165,0.0224594772437739,0,0.0057135040443864,0.0522512346078213,0,0.676195847818505,4.35556530451972,"Low"
"TCGA-NJ-A4YI-01A-11R-A262-07",NA,0.0157184178275641,0.13430190168978,0.0614105778465024,0,0.168854927210244,0.0158822862253357,0,0.00178384886670578,0.0246637921222709,0,0.577384248211597,5.06088057391687,"High"
"TCGA-NJ-A4YP-01A-11R-A262-07",NA,0.017842517178518,0.0954581060365105,0.0403942863541414,0,0.0574083655370831,0.0281330005092714,0,0.0110150161678325,0.0319375228039106,0,0.717811185412732,4.5146693641891,"High"
"TCGA-NJ-A4YQ-01A-11R-A262-07",NA,0.0647014142439573,0.0529372022230904,0.050744340002324,0,0.038143101885821,0.0151589228309196,0.00115266047378114,0.0586694842203988,0.0702086535744092,0.0168869825578072,0.631397237987491,4.36689615441591,"Low"
"TCGA-NJ-A55A-01A-11R-A262-07",NA,0.067750876016026,0.0865717754274506,0.0729523340937626,0,0.156117872176,0.039793300030455,0,0.0159391732374689,0.0610318807291814,0,0.499842788289656,4.33085563081807,"Low"
"TCGA-NJ-A55O-01A-11R-A262-07",NA,0.0158951292787955,0.0339659351922008,0.0706689142520432,0,0.0791990276963641,0.0196651478982298,0.0285794483206886,0.00026932245468229,0.0241371336711311,0,0.727619941235865,4.76384366751455,"High"
"TCGA-NJ-A55R-01A-11R-A262-07",NA,0.0374103954168344,0.00568350452518378,0.0580548361945842,0,0.0449379403269793,0.0170096459914693,0.0137766969427777,0.0026422518187828,0.0216082318002033,0.0118860628874947,0.786990434095691,4.72477933293312,"High"
"TCGA-NJ-A7XG-01A-12R-A39D-07",NA,0.021288690002235,0.0553746069287597,0.0535745910343534,0,0.0660674757927529,0.0300838123967508,0,0,0.0187310766553159,0,0.754879747189832,4.38664042404213,"Low"
"TCGA-O1-A52J-01A-11R-A262-07",NA,0.00929858423696111,0.125963468173848,0.142647922568365,0,0.107446757343471,0.0319940205405446,0,0.00196936656093683,0.0466364357408364,0,0.534043444835038,4.584808967464,"High"
"TCGA-S2-AA1A-01A-12R-A39D-07",NA,0.0803009116483918,0.0651718287567978,0.0445900573052771,0,0.0558557017103938,0.0306938482176026,0,0.0148153692258469,0.0793432702611646,0.00669808670621191,0.622530926168314,4.99285126939449,"High"
